ID,Form_ID,Form,Cognateset_ID,Doubt,Cognate_Detection_Method,Source,Alignment,Alignment_Method,Alignment_Source
nhm-all-1-1,nhm-all-1,nəhυm,all-1,false,expert,Cysouw2006a,,,
shm-all-1-1,shm-all-1,tukəʔy,all-2,false,expert,Cysouw2006a,,,
lm-all-1-1,lm-all-1,tuʔuk-ʔokəy,all-2,false,expert,Cysouw2006a,,,
sap-all-1-1,sap-all-1,nu pəhən,all-3,false,expert,Cysouw2006a,,,
olp-all-1-1,olp-all-1,niʔtiʔk,all-4,false,expert,Cysouw2006a,,,
txp-all-1-1,txp-all-1,bumbe,all-5,false,expert,Cysouw2006a,,,
soz-all-1-1,soz-all-1,ikuməh,all-6,false,expert,Cysouw2006a,,,
chzmaria-all-1-1,chzmaria-all-1,aŋteneʔ,all-7,false,expert,Cysouw2006a,,,
chzmiguel-all-1-1,chzmiguel-all-1,hemhiʔ,all-8,false,expert,Cysouw2006a,,,
chisz-all-1-1,chisz-all-1,mumu,all-5,false,expert,Cysouw2006a,,,
nhm-ashes-1-1,nhm-ashes-1,haahm,ashes-2,false,expert,Cysouw2006a,,,
shm-ashes-1-1,shm-ashes-1,haam,ashes-2,false,expert,Cysouw2006a,,,
lm-ashes-1-1,lm-ashes-1,kuy-haam,ashes-1,false,expert,Cysouw2006a,,,
sap-ashes-1-1,sap-ashes-1,kuy-hahm,ashes-1,false,expert,Cysouw2006a,,,
olp-ashes-1-1,olp-ashes-1,hamə,ashes-2,false,expert,Cysouw2006a,,,
txp-ashes-1-1,txp-ashes-1,kuyam,ashes-1,false,expert,Cysouw2006a,,,
soz-ashes-1-1,soz-ashes-1,kuy-ham,ashes-1,false,expert,Cysouw2006a,,,
chzmaria-ashes-1-1,chzmaria-ashes-1,kuy-ham,ashes-1,false,expert,Cysouw2006a,,,
chzmiguel-ashes-1-1,chzmiguel-ashes-1,kuy-ham,ashes-1,false,expert,Cysouw2006a,,,
chisz-ashes-1-1,chisz-ashes-1,kuy-ham,ashes-1,false,expert,Cysouw2006a,,,
nhm-bark-1-1,nhm-bark-1,kïp ak,bark-1,false,expert,Cysouw2006a,,,
shm-bark-1-1,shm-bark-1,ak,bark-1,false,expert,Cysouw2006a,,,
lm-bark-1-1,lm-bark-1,ak,bark-1,false,expert,Cysouw2006a,,,
sap-bark-1-1,sap-bark-1,ak,bark-1,false,expert,Cysouw2006a,,,
txp-bark-1-1,txp-bark-1,kuy-daak,bark-2,false,expert,Cysouw2006a,,,
chzmaria-bark-1-1,chzmaria-bark-1,naka,bark-2,false,expert,Cysouw2006a,,,
chzmiguel-bark-1-1,chzmiguel-bark-1,kuy naka,bark-2,false,expert,Cysouw2006a,,,
chisz-bark-1-1,chisz-bark-1,kuʔyu-naka,bark-2,false,expert,Cysouw2006a,,,
nhm-belly-1-1,nhm-belly-1,tiints,belly-1,false,expert,Cysouw2006a,,,
shm-belly-1-1,shm-belly-1,mææts,belly-5,false,expert,Cysouw2006a,,,
lm-belly-1-1,lm-belly-1,moʔošak,belly-2,false,expert,Cysouw2006a,,,
sap-belly-1-1,sap-belly-1,tin-čay,belly-1,false,expert,Cysouw2006a,,,
olp-belly-1-1,olp-belly-1,puʔpu,belly-3,false,expert,Cysouw2006a,,,
txp-belly-1-1,txp-belly-1,tsek,belly-4,false,expert,Cysouw2006a,,,
chzmaria-belly-1-1,chzmaria-belly-1,tsek,belly-4,false,expert,Cysouw2006a,,,
chzmiguel-belly-1-1,chzmiguel-belly-1,tsek,belly-4,false,expert,Cysouw2006a,,,
chisz-belly-1-1,chisz-belly-1,tsek,belly-4,false,expert,Cysouw2006a,,,
nhm-big-1-1,nhm-big-1,məh,big-1,false,expert,Cysouw2006a,,,
shm-big-1-1,shm-big-1,məh,big-1,false,expert,Cysouw2006a,,,
lm-big-1-1,lm-big-1,məh,big-1,false,expert,Cysouw2006a,,,
sap-big-1-1,sap-big-1,məh,big-1,false,expert,Cysouw2006a,,,
olp-big-1-1,olp-big-1,taʔnək,big-2,false,expert,Cysouw2006a,,,
txp-big-1-1,txp-big-1,wəəčeʔ,big-3,false,expert,Cysouw2006a,,,
soz-big-1-1,soz-big-1,məh,big-1,false,expert,Cysouw2006a,,,
chzmaria-big-1-1,chzmaria-big-1,wətiʔ,big-3,false,expert,Cysouw2006a,,,
chzmiguel-big-1-1,chzmiguel-big-1,komiʔ,big-5,false,expert,Cysouw2006a,,,
chisz-big-1-1,chisz-big-1,məha,big-1,false,expert,Cysouw2006a,,,
nhm-bird-1-1,nhm-bird-1,həəyva,bird-1,false,expert,Cysouw2006a,,,
shm-bird-1-1,shm-bird-1,hoon,bird-2,false,expert,Cysouw2006a,,,
lm-bird-1-1,lm-bird-1,hoon,bird-2,false,expert,Cysouw2006a,,,
sap-bird-1-1,sap-bird-1,hohn,bird-2,false,expert,Cysouw2006a,,,
olp-bird-1-1,olp-bird-1,muuši,bird-3,false,expert,Cysouw2006a,,,
txp-bird-1-1,txp-bird-1,hon,bird-2,false,expert,Cysouw2006a,,,
soz-bird-1-1,soz-bird-1,hon,bird-2,false,expert,Cysouw2006a,,,
chzmaria-bird-1-1,chzmaria-bird-1,hon,bird-2,false,expert,Cysouw2006a,,,
chzmiguel-bird-1-1,chzmiguel-bird-1,hon,bird-2,false,expert,Cysouw2006a,,,
chisz-bird-1-1,chisz-bird-1,paloma,bird-4,false,expert,Cysouw2006a,,,
nhm-bite-1-1,nhm-bite-1,tsuʔuts,bite-1,false,expert,Cysouw2006a,,,
shm-bite-1-1,shm-bite-1,tsuʔuts,bite-1,false,expert,Cysouw2006a,,,
lm-bite-1-1,lm-bite-1,noots,bite-2,false,expert,Cysouw2006a,,,
sap-bite-1-1,sap-bite-1,kutoʔ,bite-3,false,expert,Cysouw2006a,,,
olp-bite-1-1,olp-bite-1,tsuʔts,bite-4,false,expert,Cysouw2006a,,,
txp-bite-1-1,txp-bite-1,keʔts,bite-5,false,expert,Cysouw2006a,,,
soz-bite-1-1,soz-bite-1,was,bite-6,false,expert,Cysouw2006a,,,
chzmiguel-bite-1-1,chzmiguel-bite-1,waš,bite-6,false,expert,Cysouw2006a,,,
chisz-bite-1-1,chisz-bite-1,keʔts,bite-5,false,expert,Cysouw2006a,,,
nhm-black-1-1,nhm-black-1,yək,black-1,false,expert,Cysouw2006a,,,
shm-black-1-1,shm-black-1,yəhk,black-1,false,expert,Cysouw2006a,,,
lm-black-1-1,lm-black-1,yik,black-1,false,expert,Cysouw2006a,,,
sap-black-1-1,sap-black-1,yəgək,black-2,false,expert,Cysouw2006a,,,
olp-black-1-1,olp-black-1,yəkəʔk,black-2,false,expert,Cysouw2006a,,,
txp-black-1-1,txp-black-1,yək,black-1,false,expert,Cysouw2006a,,,
soz-black-1-1,soz-black-1,yək,black-1,false,expert,Cysouw2006a,,,
chzmaria-black-1-1,chzmaria-black-1,yək,black-1,false,expert,Cysouw2006a,,,
chzmiguel-black-1-1,chzmiguel-black-1,yək-yək,black-1,false,expert,Cysouw2006a,,,
chisz-black-1-1,chisz-black-1,yək,black-1,false,expert,Cysouw2006a,,,
nhm-blood-1-1,nhm-blood-1,nïïʔpun,blood-1,false,expert,Cysouw2006a,,,
shm-blood-1-1,shm-blood-1,nəʔəpy,blood-1,false,expert,Cysouw2006a,,,
lm-blood-1-1,lm-blood-1,nəʔpy,blood-1,false,expert,Cysouw2006a,,,
sap-blood-1-1,sap-blood-1,nipin,blood-1,false,expert,Cysouw2006a,,,
olp-blood-1-1,olp-blood-1,nəʔpiʔn,blood-1,false,expert,Cysouw2006a,,,
txp-blood-1-1,txp-blood-1,dəʔəpeñ,blood-1,false,expert,Cysouw2006a,,,
soz-blood-1-1,soz-blood-1,nəʔəpiñ,blood-1,false,expert,Cysouw2006a,,,
chzmaria-blood-1-1,chzmaria-blood-1,nəʔpin,blood-1,false,expert,Cysouw2006a,,,
chzmiguel-blood-1-1,chzmiguel-blood-1,nəpinʔ,blood-1,false,expert,Cysouw2006a,,,
chisz-blood-1-1,chisz-blood-1,nəʔpin,blood-1,false,expert,Cysouw2006a,,,
nhm-bone-1-1,nhm-bone-1,pahk,bone-1,false,expert,Cysouw2006a,,,
shm-bone-1-1,shm-bone-1,pahk,bone-1,false,expert,Cysouw2006a,,,
lm-bone-1-1,lm-bone-1,pahk,bone-1,false,expert,Cysouw2006a,,,
sap-bone-1-1,sap-bone-1,pahk,bone-1,false,expert,Cysouw2006a,,,
olp-bone-1-1,olp-bone-1,pakə,bone-1,false,expert,Cysouw2006a,,,
txp-bone-1-1,txp-bone-1,pak,bone-1,false,expert,Cysouw2006a,,,
soz-bone-1-1,soz-bone-1,pak,bone-1,false,expert,Cysouw2006a,,,
chzmaria-bone-1-1,chzmaria-bone-1,pak,bone-1,false,expert,Cysouw2006a,,,
chzmiguel-bone-1-1,chzmiguel-bone-1,pak,bone-1,false,expert,Cysouw2006a,,,
chisz-bone-1-1,chisz-bone-1,pak,bone-1,false,expert,Cysouw2006a,,,
nhm-breast-1-1,nhm-breast-1,hυʔtaa,breast-1,false,expert,Cysouw2006a,,,
shm-breast-1-1,shm-breast-1,tsetsk,breast-2,false,expert,Cysouw2006a,,,
lm-breast-1-1,lm-breast-1,tsiʔits-ʔaniʔikš,breast-2,false,expert,Cysouw2006a,,,
sap-breast-1-1,sap-breast-1,moʔy,breast-3,false,expert,Cysouw2006a,,,
txp-breast-1-1,txp-breast-1,duun,breast-4,false,expert,Cysouw2006a,,,
soz-breast-1-1,soz-breast-1,nuunu,breast-4,false,expert,Cysouw2006a,,,
chzmiguel-breast-1-1,chzmiguel-breast-1,tsuʔts-iʔ,breast-5,false,expert,Cysouw2006a,,,
chisz-breast-1-1,chisz-breast-1,tsuʔtsi,breast-5,false,expert,Cysouw2006a,,,
nhm-burntr-1-1,nhm-burntr-1,tooy,burntr-1,false,expert,Cysouw2006a,,,
shm-burntr-1-1,shm-burntr-1,tsaʔay,burntr-8,false,expert,Cysouw2006a,,,
lm-burntr-1-1,lm-burntr-1,noʔok,burntr-2,false,expert,Cysouw2006a,,,
sap-burntr-1-1,sap-burntr-1,ak-toy,burntr-3,false,expert,Cysouw2006a,,,
olp-burntr-1-1,olp-burntr-1,yak-toy,burntr-3,false,expert,Cysouw2006a,,,
txp-burntr-1-1,txp-burntr-1,doʔ-tokeñ,burntr-5,false,expert,Cysouw2006a,,,
soz-burntr-1-1,soz-burntr-1,noʔ,burntr-6,false,expert,Cysouw2006a,,,
chzmaria-burntr-1-1,chzmaria-burntr-1,kəŋ,burntr-7,false,expert,Cysouw2006a,,,
chzmiguel-burntr-1-1,chzmiguel-burntr-1,poŋ,burntr-4,false,expert,Cysouw2006a,,,
chisz-burntr-1-1,chisz-burntr-1,poŋ,burntr-4,false,expert,Cysouw2006a,,,
nhm-clawnail-1-1,nhm-clawnail-1,šəəʔk,clawnail-1,false,expert,Cysouw2006a,,,
shm-clawnail-1-1,shm-clawnail-1,šooky,clawnail-1,false,expert,Cysouw2006a,,,
lm-clawnail-1-1,lm-clawnail-1,šooky,clawnail-1,false,expert,Cysouw2006a,,,
sap-clawnail-1-1,sap-clawnail-1,šoohk,clawnail-1,false,expert,Cysouw2006a,,,
olp-clawnail-1-1,olp-clawnail-1,šooki,clawnail-1,false,expert,Cysouw2006a,,,
txp-clawnail-1-1,txp-clawnail-1,kəʔ-tsuʔks,clawnail-2,false,expert,Cysouw2006a,,,
soz-clawnail-1-1,soz-clawnail-1,kətsəs,clawnail-2,false,expert,Cysouw2006a,,,
chzmaria-clawnail-1-1,chzmaria-clawnail-1,kətsus,clawnail-2,false,expert,Cysouw2006a,,,
chzmiguel-clawnail-1-1,chzmiguel-clawnail-1,kəʔtsuš,clawnail-2,false,expert,Cysouw2006a,,,
chisz-clawnail-1-1,chisz-clawnail-1,kəʔčus,clawnail-2,false,expert,Cysouw2006a,,,
nhm-cloud-1-1,nhm-cloud-1,vinïts,cloud-1,false,expert,Cysouw2006a,,,
shm-cloud-1-1,shm-cloud-1,nəmaʔa,cloud-5,false,expert,Cysouw2006a,,,
lm-cloud-1-1,lm-cloud-1,hok,cloud-2,false,expert,Cysouw2006a,,,
sap-cloud-1-1,sap-cloud-1,win-tuk,cloud-1,false,expert,Cysouw2006a,,,
olp-cloud-1-1,olp-cloud-1,vin-hoyeʔk,cloud-1,false,expert,Cysouw2006a,,,
txp-cloud-1-1,txp-cloud-1,ʔuʔksuʔ,cloud-4,false,expert,Cysouw2006a,,,
soz-cloud-1-1,soz-cloud-1,uksə,cloud-4,false,expert,Cysouw2006a,,,
chzmiguel-cloud-1-1,chzmiguel-cloud-1,ʔin-əʔ,cloud-1,false,expert,Cysouw2006a,,,
chisz-cloud-1-1,chisz-cloud-1,oʔna,cloud-3,false,expert,Cysouw2006a,,,
nhm-cold-1-1,nhm-cold-1,šuš,cold-1,false,expert,Cysouw2006a,,,
shm-cold-1-1,shm-cold-1,šuš,cold-1,false,expert,Cysouw2006a,,,
lm-cold-1-1,lm-cold-1,təč,cold-2,false,expert,Cysouw2006a,,,
sap-cold-1-1,sap-cold-1,payik,cold-3,false,expert,Cysouw2006a,,,
olp-cold-1-1,olp-cold-1,tušəʔk,cold-4,false,expert,Cysouw2006a,,,
txp-cold-1-1,txp-cold-1,paak,cold-5,false,expert,Cysouw2006a,,,
soz-cold-1-1,soz-cold-1,pagak,cold-5,false,expert,Cysouw2006a,,,
chzmaria-cold-1-1,chzmaria-cold-1,wayaʔy,cold-6,false,expert,Cysouw2006a,,,
chzmiguel-cold-1-1,chzmiguel-cold-1,wayayʔ,cold-6,false,expert,Cysouw2006a,,,
chisz-cold-1-1,chisz-cold-1,pakak,cold-5,false,expert,Cysouw2006a,,,
nhm-come-1-1,nhm-come-1,mɛts,come-1,false,expert,Cysouw2006a,,,
shm-come-1-1,shm-come-1,men,come-2,false,expert,Cysouw2006a,,,
lm-come-1-1,lm-come-1,min,come-2,false,expert,Cysouw2006a,,,
sap-come-1-1,sap-come-1,min,come-3,false,expert,Cysouw2006a,,,
olp-come-1-1,olp-come-1,min,come-3,false,expert,Cysouw2006a,,,
txp-come-1-1,txp-come-1,beñ,come-2,false,expert,Cysouw2006a,,,
soz-come-1-1,soz-come-1,miñ,come-2,false,expert,Cysouw2006a,,,
chzmaria-come-1-1,chzmaria-come-1,min,come-2,false,expert,Cysouw2006a,,,
chzmiguel-come-1-1,chzmiguel-come-1,min,come-2,false,expert,Cysouw2006a,,,
chisz-come-1-1,chisz-come-1,min,come-2,false,expert,Cysouw2006a,,,
nhm-die-1-1,nhm-die-1,ooʔk,die-1,false,expert,Cysouw2006a,,,
shm-die-1-1,shm-die-1,ook,die-1,false,expert,Cysouw2006a,,,
lm-die-1-1,lm-die-1,oʔok,die-1,false,expert,Cysouw2006a,,,
sap-die-1-1,sap-die-1,oʔk,die-1,false,expert,Cysouw2006a,,,
olp-die-1-1,olp-die-1,ook,die-1,false,expert,Cysouw2006a,,,
txp-die-1-1,txp-die-1,kaʔ,die-2,false,expert,Cysouw2006a,,,
soz-die-1-1,soz-die-1,kaʔ,die-2,false,expert,Cysouw2006a,,,
chzmaria-die-1-1,chzmaria-die-1,kaʔh,die-2,false,expert,Cysouw2006a,,,
chzmiguel-die-1-1,chzmiguel-die-1,kaʔ,die-2,false,expert,Cysouw2006a,,,
chisz-die-1-1,chisz-die-1,kaʔ,die-2,false,expert,Cysouw2006a,,,
nhm-dog-1-1,nhm-dog-1,υk,dog-1,false,expert,Cysouw2006a,,,
shm-dog-1-1,shm-dog-1,uk,dog-1,false,expert,Cysouw2006a,,,
lm-dog-1-1,lm-dog-1,uk,dog-1,false,expert,Cysouw2006a,,,
sap-dog-1-1,sap-dog-1,tak,dog-2,false,expert,Cysouw2006a,,,
olp-dog-1-1,olp-dog-1,šuʔni,dog-3,false,expert,Cysouw2006a,,,
txp-dog-1-1,txp-dog-1,čempaʔ,dog-5,false,expert,Cysouw2006a,,,
soz-dog-1-1,soz-dog-1,čimpa,dog-5,false,expert,Cysouw2006a,,,
chzmaria-dog-1-1,chzmaria-dog-1,nuʔu,dog-6,false,expert,Cysouw2006a,,,
chzmiguel-dog-1-1,chzmiguel-dog-1,nuʔ,dog-6,false,expert,Cysouw2006a,,,
chisz-dog-1-1,chisz-dog-1,tuwi,dog-4,false,expert,Cysouw2006a,,,
nhm-drink-1-1,nhm-drink-1,υυk,drink-1,false,expert,Cysouw2006a,,,
shm-drink-1-1,shm-drink-1,uuk,drink-1,false,expert,Cysouw2006a,,,
lm-drink-1-1,lm-drink-1,uk,drink-1,false,expert,Cysouw2006a,,,
sap-drink-1-1,sap-drink-1,uuk,drink-2,false,expert,Cysouw2006a,,,
olp-drink-1-1,olp-drink-1,uuk,drink-2,false,expert,Cysouw2006a,,,
txp-drink-1-1,txp-drink-1,ʔuk,drink-1,false,expert,Cysouw2006a,,,
soz-drink-1-1,soz-drink-1,uk,drink-1,false,expert,Cysouw2006a,,,
chzmaria-drink-1-1,chzmaria-drink-1,uk,drink-1,false,expert,Cysouw2006a,,,
chzmiguel-drink-1-1,chzmiguel-drink-1,ʔuk,drink-1,false,expert,Cysouw2006a,,,
chisz-drink-1-1,chisz-drink-1,uhk,drink-1,false,expert,Cysouw2006a,,,
nhm-dry-1-1,nhm-dry-1,təʔəhts,dry-1,false,expert,Cysouw2006a,,,
shm-dry-1-1,shm-dry-1,təʔəts,dry-1,false,expert,Cysouw2006a,,,
lm-dry-1-1,lm-dry-1,təʔəts,dry-1,false,expert,Cysouw2006a,,,
sap-dry-1-1,sap-dry-1,kuytəʔts,dry-1,false,expert,Cysouw2006a,,,
olp-dry-1-1,olp-dry-1,təʔəʔs,dry-1,false,expert,Cysouw2006a,,,
txp-dry-1-1,txp-dry-1,təts-kaʔ,dry-1,false,expert,Cysouw2006a,,,
soz-dry-1-1,soz-dry-1,ku-təts,dry-1,false,expert,Cysouw2006a,,,
chzmaria-dry-1-1,chzmaria-dry-1,yak-yəts,dry-1,false,expert,Cysouw2006a,,,
chzmiguel-dry-1-1,chzmiguel-dry-1,təts-iʔ,dry-1,false,expert,Cysouw2006a,,,
chisz-dry-1-1,chisz-dry-1,təʔts,dry-1,false,expert,Cysouw2006a,,,
nhm-ear-1-1,nhm-ear-1,taatsk,ear-1,false,expert,Cysouw2006a,,,
shm-ear-1-1,shm-ear-1,tatsk,ear-1,false,expert,Cysouw2006a,,,
lm-ear-1-1,lm-ear-1,tətsʔak,ear-1,false,expert,Cysouw2006a,,,
sap-ear-1-1,sap-ear-1,taatsək,ear-1,false,expert,Cysouw2006a,,,
olp-ear-1-1,olp-ear-1,taatsəək,ear-1,false,expert,Cysouw2006a,,,
txp-ear-1-1,txp-ear-1,taatsək,ear-1,false,expert,Cysouw2006a,,,
soz-ear-1-1,soz-ear-1,taatsək,ear-1,false,expert,Cysouw2006a,,,
chzmaria-ear-1-1,chzmaria-ear-1,tatsək,ear-1,false,expert,Cysouw2006a,,,
chzmiguel-ear-1-1,chzmiguel-ear-1,tatsək,ear-1,false,expert,Cysouw2006a,,,
chisz-ear-1-1,chisz-ear-1,tatsək,ear-1,false,expert,Cysouw2006a,,,
nhm-earth-1-1,nhm-earth-1,naaš,earth-1,false,expert,Cysouw2006a,,,
shm-earth-1-1,shm-earth-1,naš-wiʔñət,earth-1,false,expert,Cysouw2006a,,,
lm-earth-1-1,lm-earth-1,naaš,earth-1,false,expert,Cysouw2006a,,,
sap-earth-1-1,sap-earth-1,naaš,earth-1,false,expert,Cysouw2006a,,,
olp-earth-1-1,olp-earth-1,naašə,earth-1,false,expert,Cysouw2006a,,,
txp-earth-1-1,txp-earth-1,das,earth-1,false,expert,Cysouw2006a,,,
soz-earth-1-1,soz-earth-1,nas,earth-1,false,expert,Cysouw2006a,,,
chzmaria-earth-1-1,chzmaria-earth-1,nas,earth-1,false,expert,Cysouw2006a,,,
chzmiguel-earth-1-1,chzmiguel-earth-1,naš,earth-1,false,expert,Cysouw2006a,,,
chisz-earth-1-1,chisz-earth-1,nas,earth-1,false,expert,Cysouw2006a,,,
nhm-eat-1-1,nhm-eat-1,kay,eat-1,false,expert,Cysouw2006a,,,
shm-eat-1-1,shm-eat-1,kæy,eat-2,false,expert,Cysouw2006a,,,
lm-eat-1-1,lm-eat-1,kay,eat-2,false,expert,Cysouw2006a,,,
sap-eat-1-1,sap-eat-1,kay,eat-2,false,expert,Cysouw2006a,,,
olp-eat-1-1,olp-eat-1,kay,eat-2,false,expert,Cysouw2006a,,,
txp-eat-1-1,txp-eat-1,kəʔəs,eat-3,false,expert,Cysouw2006a,,,
soz-eat-1-1,soz-eat-1,kəʔəs,eat-3,false,expert,Cysouw2006a,,,
chzmaria-eat-1-1,chzmaria-eat-1,kəʔs-oy,eat-3,false,expert,Cysouw2006a,,,
chzmiguel-eat-1-1,chzmiguel-eat-1,kəš,eat-3,false,expert,Cysouw2006a,,,
chisz-eat-1-1,chisz-eat-1,kəʔs,eat-3,false,expert,Cysouw2006a,,,
nhm-egg-1-1,nhm-egg-1,tuʔut,egg-1,false,expert,Cysouw2006a,,,
shm-egg-1-1,shm-egg-1,tutsah,egg-1,false,expert,Cysouw2006a,,,
lm-egg-1-1,lm-egg-1,tuʔuty,egg-1,false,expert,Cysouw2006a,,,
sap-egg-1-1,sap-egg-1,kooy,egg-2,false,expert,Cysouw2006a,,,
olp-egg-1-1,olp-egg-1,tuʔtiʔk,egg-1,false,expert,Cysouw2006a,,,
txp-egg-1-1,txp-egg-1,kaʔnpuk,egg-4,false,expert,Cysouw2006a,,,
soz-egg-1-1,soz-egg-1,kanpu,egg-4,false,expert,Cysouw2006a,,,
chzmaria-egg-1-1,chzmaria-egg-1,poʔok,egg-3,false,expert,Cysouw2006a,,,
chzmiguel-egg-1-1,chzmiguel-egg-1,pohoʔk,egg-3,false,expert,Cysouw2006a,,,
chisz-egg-1-1,chisz-egg-1,poka,egg-3,false,expert,Cysouw2006a,,,
nhm-eye-1-1,nhm-eye-1,viihn,eye-1,false,expert,Cysouw2006a,,,
shm-eye-1-1,shm-eye-1,ween,eye-1,false,expert,Cysouw2006a,,,
lm-eye-1-1,lm-eye-1,wiin,eye-1,false,expert,Cysouw2006a,,,
sap-eye-1-1,sap-eye-1,wihn,eye-1,false,expert,Cysouw2006a,,,
olp-eye-1-1,olp-eye-1,vinə,eye-1,false,expert,Cysouw2006a,,,
txp-eye-1-1,txp-eye-1,ʔeš-kuʔ,eye-2,false,expert,Cysouw2006a,,,
soz-eye-1-1,soz-eye-1,iš-kuy,eye-2,false,expert,Cysouw2006a,,,
chzmaria-eye-1-1,chzmaria-eye-1,witəm,eye-3,false,expert,Cysouw2006a,,,
chzmiguel-eye-1-1,chzmiguel-eye-1,wotəm,eye-3,false,expert,Cysouw2006a,,,
chisz-eye-1-1,chisz-eye-1,win,eye-1,false,expert,Cysouw2006a,,,
nhm-fatn-1-1,nhm-fatn-1,on,fatn-1,false,expert,Cysouw2006a,,,
shm-fatn-1-1,shm-fatn-1,on,fatn-1,false,expert,Cysouw2006a,,,
lm-fatn-1-1,lm-fatn-1,wiin-ʔomb,fatn-2,false,expert,Cysouw2006a,,,
sap-fatn-1-1,sap-fatn-1,oʔtsək,fatn-3,false,expert,Cysouw2006a,,,
olp-fatn-1-1,olp-fatn-1,ona,fatn-1,false,expert,Cysouw2006a,,,
soz-fatn-1-1,soz-fatn-1,pəhi,fatn-5,false,expert,Cysouw2006a,,,
chzmaria-fatn-1-1,chzmaria-fatn-1,grasa,fatn-6,false,expert,Cysouw2006a,,,
chzmiguel-fatn-1-1,chzmiguel-fatn-1,yew-eʔ,fatn-7,false,expert,Cysouw2006a,,,
chisz-fatn-1-1,chisz-fatn-1,kiʔnə,fatn-4,false,expert,Cysouw2006a,,,
nhm-feather-1-1,nhm-feather-1,pahk,feather-1,false,expert,Cysouw2006a,,,
shm-feather-1-1,shm-feather-1,pəhk,feather-1,false,expert,Cysouw2006a,,,
lm-feather-1-1,lm-feather-1,tseyñiʔi-bəhk,feather-2,false,expert,Cysouw2006a,,,
olp-feather-1-1,olp-feather-1,pəkə,feather-1,false,expert,Cysouw2006a,,,
txp-feather-1-1,txp-feather-1,pək,feather-1,false,expert,Cysouw2006a,,,
soz-feather-1-1,soz-feather-1,pək,feather-1,false,expert,Cysouw2006a,,,
chzmaria-feather-1-1,chzmaria-feather-1,pək,feather-1,false,expert,Cysouw2006a,,,
chzmiguel-feather-1-1,chzmiguel-feather-1,pək,feather-1,false,expert,Cysouw2006a,,,
chisz-feather-1-1,chisz-feather-1,pək,feather-1,false,expert,Cysouw2006a,,,
nhm-fire-1-1,nhm-fire-1,həəhn,fire-1,false,expert,Cysouw2006a,,,
shm-fire-1-1,shm-fire-1,həən,fire-1,false,expert,Cysouw2006a,,,
lm-fire-1-1,lm-fire-1,həən,1,false,expert,Cysouw2006a,,,
sap-fire-1-1,sap-fire-1,həhn,fire-1,false,expert,Cysouw2006a,,,
olp-fire-1-1,olp-fire-1,hənə,fire-1,false,expert,Cysouw2006a,,,
txp-fire-1-1,txp-fire-1,hukut,fire-2,false,expert,Cysouw2006a,,,
soz-fire-1-1,soz-fire-1,huktə,fire-2,false,expert,Cysouw2006a,,,
chzmaria-fire-1-1,chzmaria-fire-1,hukutə,fire-2,false,expert,Cysouw2006a,,,
chzmiguel-fire-1-1,chzmiguel-fire-1,ʔaʔts-əʔ,fire-3,false,expert,Cysouw2006a,,,
chisz-fire-1-1,chisz-fire-1,hukətək,fire-2,false,expert,Cysouw2006a,,,
nhm-fish-1-1,nhm-fish-1,ahkš,fish-1,false,expert,Cysouw2006a,,,
shm-fish-1-1,shm-fish-1,akš,fish-1,false,expert,Cysouw2006a,,,
lm-fish-1-1,lm-fish-1,akš,fish-1,false,expert,Cysouw2006a,,,
sap-fish-1-1,sap-fish-1,akš,fish-1,false,expert,Cysouw2006a,,,
olp-fish-1-1,olp-fish-1,koʔke,fish-2,false,expert,Cysouw2006a,,,
txp-fish-1-1,txp-fish-1,woʔŋ,fish-3,false,expert,Cysouw2006a,,,
soz-fish-1-1,soz-fish-1,təʔəpə,fish-4,false,expert,Cysouw2006a,,,
chzmaria-fish-1-1,chzmaria-fish-1,koke,fish-2,false,expert,Cysouw2006a,,,
chzmiguel-fish-1-1,chzmiguel-fish-1,koke,fish-2,false,expert,Cysouw2006a,,,
chisz-fish-1-1,chisz-fish-1,kokeh,fish-2,false,expert,Cysouw2006a,,,
nhm-flyv-1-1,nhm-flyv-1,hɛy,flyv-1,false,expert,Cysouw2006a,,,
shm-flyv-1-1,shm-flyv-1,kæhkəʔək,flyv-2,false,expert,Cysouw2006a,,,
lm-flyv-1-1,lm-flyv-1,keek,flyv-2,false,expert,Cysouw2006a,,,
sap-flyv-1-1,sap-flyv-1,keek,flyv-2,false,expert,Cysouw2006a,,,
olp-flyv-1-1,olp-flyv-1,napap,flyv-3,false,expert,Cysouw2006a,,,
txp-flyv-1-1,txp-flyv-1,kek,flyv-2,false,expert,Cysouw2006a,,,
soz-flyv-1-1,soz-flyv-1,kek,flyv-2,false,expert,Cysouw2006a,,,
chzmaria-flyv-1-1,chzmaria-flyv-1,kek,flyv-2,false,expert,Cysouw2006a,,,
chzmiguel-flyv-1-1,chzmiguel-flyv-1,yuk-kek,flyv-2,false,expert,Cysouw2006a,,,
chisz-flyv-1-1,chisz-flyv-1,sitiht,flyv-4,false,expert,Cysouw2006a,,,
nhm-foot-1-1,nhm-foot-1,tek,foot-1,false,expert,Cysouw2006a,,,
shm-foot-1-1,shm-foot-1,teky,foot-1,false,expert,Cysouw2006a,,,
lm-foot-1-1,lm-foot-1,teky,foot-1,false,expert,Cysouw2006a,,,
sap-foot-1-1,sap-foot-1,tan,foot-2,false,expert,Cysouw2006a,,,
olp-foot-1-1,olp-foot-1,kəʔšta,foot-3,false,expert,Cysouw2006a,,,
txp-foot-1-1,txp-foot-1,pak,foot-5,false,expert,Cysouw2006a,,,
soz-foot-1-1,soz-foot-1,puy,foot-6,false,expert,Cysouw2006a,,,
chzmaria-foot-1-1,chzmaria-foot-1,maŋ-kuʔy,foot-7,false,expert,Cysouw2006a,,,
chzmiguel-foot-1-1,chzmiguel-foot-1,maŋ-kuyʔ,foot-7,false,expert,Cysouw2006a,,,
chisz-foot-1-1,chisz-foot-1,neʔŋ-bak,foot-4,false,expert,Cysouw2006a,,,
nhm-full-1-1,nhm-full-1,uts,full-1,false,expert,Cysouw2006a,,,
shm-full-1-1,shm-full-1,uhts,full-1,false,expert,Cysouw2006a,,,
lm-full-1-1,lm-full-1,kuʔušy,full-2,false,expert,Cysouw2006a,,,
sap-full-1-1,sap-full-1,patsik,full-3,false,expert,Cysouw2006a,,,
olp-full-1-1,olp-full-1,utsi,full-1,false,expert,Cysouw2006a,,,
txp-full-1-1,txp-full-1,kus-deʔ,full-6,false,expert,Cysouw2006a,,,
soz-full-1-1,soz-full-1,kus-ne,full-6,false,expert,Cysouw2006a,,,
chzmaria-full-1-1,chzmaria-full-1,yag-aŋ-tas,full-7,false,expert,Cysouw2006a,,,
chzmiguel-full-1-1,chzmiguel-full-1,taš-əʔ,full-7,false,expert,Cysouw2006a,,,
chisz-full-1-1,chisz-full-1,hoʔəyupə,full-5,false,expert,Cysouw2006a,,,
nhm-give-1-1,nhm-give-1,məʔə,give-1,false,expert,Cysouw2006a,,,
shm-give-1-1,shm-give-1,yak,give-3,false,expert,Cysouw2006a,,,
lm-give-1-1,lm-give-1,moʔ,give-1,false,expert,Cysouw2006a,,,
sap-give-1-1,sap-give-1,moy,give-1,false,expert,Cysouw2006a,,,
olp-give-1-1,olp-give-1,moy,give-1,false,expert,Cysouw2006a,,,
txp-give-1-1,txp-give-1,čeʔ,give-2,false,expert,Cysouw2006a,,,
soz-give-1-1,soz-give-1,čiʔ,give-2,false,expert,Cysouw2006a,,,
chzmaria-give-1-1,chzmaria-give-1,tsiʔ,give-2,false,expert,Cysouw2006a,,,
chzmiguel-give-1-1,chzmiguel-give-1,tsiʔ,give-2,false,expert,Cysouw2006a,,,
chisz-give-1-1,chisz-give-1,čiʔ,give-2,false,expert,Cysouw2006a,,,
nhm-good-1-1,nhm-good-1,oy,good-1,false,expert,Cysouw2006a,,,
shm-good-1-1,shm-good-1,ey,good-1,false,expert,Cysouw2006a,,,
lm-good-1-1,lm-good-1,oy,good-1,false,expert,Cysouw2006a,,,
sap-good-1-1,sap-good-1,oy,good-1,false,expert,Cysouw2006a,,,
olp-good-1-1,olp-good-1,oya,good-1,false,expert,Cysouw2006a,,,
txp-good-1-1,txp-good-1,wəə,good-2,false,expert,Cysouw2006a,,,
soz-good-1-1,soz-good-1,wəə,good-2,false,expert,Cysouw2006a,,,
chzmiguel-good-1-1,chzmiguel-good-1,wəhə,good-2,false,expert,Cysouw2006a,,,
chisz-good-1-1,chisz-good-1,oye,good-1,false,expert,Cysouw2006a,,,
nhm-green-1-1,nhm-green-1,tsυšk,green-1,false,expert,Cysouw2006a,,,
shm-green-1-1,shm-green-1,tsušk,green-1,false,expert,Cysouw2006a,,,
lm-green-1-1,lm-green-1,tsuš,green-1,false,expert,Cysouw2006a,,,
sap-green-1-1,sap-green-1,šušuk,green-1,false,expert,Cysouw2006a,,,
olp-green-1-1,olp-green-1,tušuʔk,green-1,false,expert,Cysouw2006a,,,
txp-green-1-1,txp-green-1,tsuus,green-1,false,expert,Cysouw2006a,,,
soz-green-1-1,soz-green-1,tsuus,green-1,false,expert,Cysouw2006a,,,
chzmaria-green-1-1,chzmaria-green-1,tsuhus,green-1,false,expert,Cysouw2006a,,,
chzmiguel-green-1-1,chzmiguel-green-1,tsuš,green-1,false,expert,Cysouw2006a,,,
chisz-green-1-1,chisz-green-1,tsuhtsu,green-1,false,expert,Cysouw2006a,,,
nhm-hair-1-1,nhm-hair-1,vaahy,hair-1,false,expert,Cysouw2006a,,,
shm-hair-1-1,shm-hair-1,waay,hair-1,false,expert,Cysouw2006a,,,
lm-hair-1-1,lm-hair-1,waay,hair-1,false,expert,Cysouw2006a,,,
txp-hair-1-1,txp-hair-1,waʔy,hair-1,false,expert,Cysouw2006a,,,
soz-hair-1-1,soz-hair-1,way,hair-1,false,expert,Cysouw2006a,,,
chzmaria-hair-1-1,chzmaria-hair-1,waʔy,hair-1,false,expert,Cysouw2006a,,,
chzmiguel-hair-1-1,chzmiguel-hair-1,wayʔ,hair-1,false,expert,Cysouw2006a,,,
chisz-hair-1-1,chisz-hair-1,way,hair-1,false,expert,Cysouw2006a,,,
sap-hair-1-1,sap-hair-1,pəhk,hair-1,false,expert,Cysouw2006a,,,
olp-hair-1-1,olp-hair-1,pəkə,hair-1,false,expert,Cysouw2006a,,,
chisz-hair-2-1,chisz-hair-2,pək,hair-1,false,expert,Cysouw2006a,,,
nhm-hand-1-1,nhm-hand-1,kəʔə,hand-1,false,expert,Cysouw2006a,,,
shm-hand-1-1,shm-hand-1,kəʔə,hand-1,false,expert,Cysouw2006a,,,
lm-hand-1-1,lm-hand-1,kəʔ,hand-1,false,expert,Cysouw2006a,,,
sap-hand-1-1,sap-hand-1,kəʔ,hand-1,false,expert,Cysouw2006a,,,
olp-hand-1-1,olp-hand-1,kəʔ,hand-1,false,expert,Cysouw2006a,,,
txp-hand-1-1,txp-hand-1,kəʔ,hand-1,false,expert,Cysouw2006a,,,
soz-hand-1-1,soz-hand-1,kə,hand-1,false,expert,Cysouw2006a,,,
chzmaria-hand-1-1,chzmaria-hand-1,kəʔ,hand-1,false,expert,Cysouw2006a,,,
chzmiguel-hand-1-1,chzmiguel-hand-1,tsaŋ-kuyʔ,hand-2,false,expert,Cysouw2006a,,,
chisz-hand-1-1,chisz-hand-1,kəʔ,hand-1,false,expert,Cysouw2006a,,,
nhm-head-1-1,nhm-head-1,kuvahk,head-1,false,expert,Cysouw2006a,,,
shm-head-1-1,shm-head-1,kəpaahk,head-1,false,expert,Cysouw2006a,,,
lm-head-1-1,lm-head-1,kowahk,head-1,false,expert,Cysouw2006a,,,
sap-head-1-1,sap-head-1,kopak,head-1,false,expert,Cysouw2006a,,,
olp-head-1-1,olp-head-1,koʔpaʔk,head-1,false,expert,Cysouw2006a,,,
txp-head-1-1,txp-head-1,kopək,head-1,false,expert,Cysouw2006a,,,
soz-head-1-1,soz-head-1,koobak,head-1,false,expert,Cysouw2006a,,,
chzmaria-head-1-1,chzmaria-head-1,waʔy,head-2,false,expert,Cysouw2006a,,,
chzmiguel-head-1-1,chzmiguel-head-1,kopak,head-1,false,expert,Cysouw2006a,,,
chisz-head-1-1,chisz-head-1,kopak,head-1,false,expert,Cysouw2006a,,,
nhm-hear-1-1,nhm-hear-1,motu,hear-1,false,expert,Cysouw2006a,,,
shm-hear-1-1,shm-hear-1,mətoo,hear-1,false,expert,Cysouw2006a,,,
lm-hear-1-1,lm-hear-1,mədoogugəʔ,hear-1,false,expert,Cysouw2006a,,,
sap-hear-1-1,sap-hear-1,maraw,hear-1,false,expert,Cysouw2006a,,,
olp-hear-1-1,olp-hear-1,motov,hear-1,false,expert,Cysouw2006a,,,
txp-hear-1-1,txp-hear-1,batəŋ,hear-1,false,expert,Cysouw2006a,,,
soz-hear-1-1,soz-hear-1,aŋ-təən,hear-2,false,expert,Cysouw2006a,,,
chzmaria-hear-1-1,chzmaria-hear-1,matoŋ,hear-1,false,expert,Cysouw2006a,,,
chzmiguel-hear-1-1,chzmiguel-hear-1,matoŋ,hear-1,false,expert,Cysouw2006a,,,
chisz-hear-1-1,chisz-hear-1,matoŋ,hear-1,false,expert,Cysouw2006a,,,
nhm-heart-1-1,nhm-heart-1,haʔvin,heart-1,false,expert,Cysouw2006a,,,
shm-heart-1-1,shm-heart-1,anmə-haʔan,heart-4,false,expert,Cysouw2006a,,,
lm-heart-1-1,lm-heart-1,huuky-hot,heart-2,false,expert,Cysouw2006a,,,
olp-heart-1-1,olp-heart-1,hutukotə,heart-2,false,expert,Cysouw2006a,,,
txp-heart-1-1,txp-heart-1,tsookoʔ,heart-3,false,expert,Cysouw2006a,,,
soz-heart-1-1,soz-heart-1,aanamah,heart-4,false,expert,Cysouw2006a,,,
chzmaria-heart-1-1,chzmaria-heart-1,tsokoʔy,heart-3,false,expert,Cysouw2006a,,,
chzmiguel-heart-1-1,chzmiguel-heart-1,tsokoyʔ,heart-3,false,expert,Cysouw2006a,,,
chisz-heart-1-1,chisz-heart-1,tsokoy,heart-3,false,expert,Cysouw2006a,,,
nhm-horn-1-1,nhm-horn-1,vah,horn-1,false,expert,Cysouw2006a,,,
shm-horn-1-1,shm-horn-1,wah,horn-1,false,expert,Cysouw2006a,,,
lm-horn-1-1,lm-horn-1,muʔn,horn-2,false,expert,Cysouw2006a,,,
sap-horn-1-1,sap-horn-1,wah,horn-1,false,expert,Cysouw2006a,,,
olp-horn-1-1,olp-horn-1,vaha,horn-1,false,expert,Cysouw2006a,,,
txp-horn-1-1,txp-horn-1,waaŋaʔ,horn-1,false,expert,Cysouw2006a,,,
chzmiguel-horn-1-1,chzmiguel-horn-1,wekaʔ,horn-3,false,expert,Cysouw2006a,,,
chisz-horn-1-1,chisz-horn-1,waʔ,horn-1,false,expert,Cysouw2006a,,,
nhm-i-1-1,nhm-i-1,əts,i-1,false,expert,Cysouw2006a,,,
shm-i-1-1,shm-i-1,əts,i-1,false,expert,Cysouw2006a,,,
lm-i-1-1,lm-i-1,əəč,i-1,false,expert,Cysouw2006a,,,
sap-i-1-1,sap-i-1,əə,i-1,false,expert,Cysouw2006a,,,
sap-i-2-1,sap-i-2,əəts,i-1,false,expert,Cysouw2006a,,,
olp-i-1-1,olp-i-1,əəs,i-1,false,expert,Cysouw2006a,,,
txp-i-1-1,txp-i-1,ʔətsəʔ,i-1,false,expert,Cysouw2006a,,,
soz-i-1-1,soz-i-1,əč,i-1,false,expert,Cysouw2006a,,,
chzmaria-i-1-1,chzmaria-i-1,ətstsiʔ,i-1,false,expert,Cysouw2006a,,,
chzmiguel-i-1-1,chzmiguel-i-1,də-š,i-2,false,expert,Cysouw2006a,,,
chisz-i-1-1,chisz-i-1,əh,i-1,false,expert,Cysouw2006a,,,
nhm-kill-1-1,nhm-kill-1,yak-ook,kill-1,false,expert,Cysouw2006a,,,
shm-kill-1-1,shm-kill-1,æk-ook,kill-1,false,expert,Cysouw2006a,,,
lm-kill-1-1,lm-kill-1,yah-ʔoʔok,kill-1,false,expert,Cysouw2006a,,,
sap-kill-1-1,sap-kill-1,ag-oʔk,kill-1,false,expert,Cysouw2006a,,,
olp-kill-1-1,olp-kill-1,yak-ook,kill-1,false,expert,Cysouw2006a,,,
txp-kill-1-1,txp-kill-1,yakaʔ,kill-2,false,expert,Cysouw2006a,,,
soz-kill-1-1,soz-kill-1,ik-kaʔ,kill-2,false,expert,Cysouw2006a,,,
chzmaria-kill-1-1,chzmaria-kill-1,yak-kaʔh,kill-2,false,expert,Cysouw2006a,,,
chzmiguel-kill-1-1,chzmiguel-kill-1,yak-ʔoy,kill-2,false,expert,Cysouw2006a,,,
chisz-kill-1-1,chisz-kill-1,yah-kaʔ,kill-2,false,expert,Cysouw2006a,,,
nhm-knee-1-1,nhm-knee-1,koš,knee-1,false,expert,Cysouw2006a,,,
shm-knee-1-1,shm-knee-1,koš,knee-1,false,expert,Cysouw2006a,,,
lm-knee-1-1,lm-knee-1,koškohwahk,knee-1,false,expert,Cysouw2006a,,,
sap-knee-1-1,sap-knee-1,košk,knee-1,false,expert,Cysouw2006a,,,
olp-knee-1-1,olp-knee-1,košo,knee-1,false,expert,Cysouw2006a,,,
txp-knee-1-1,txp-knee-1,koosoʔ,knee-1,false,expert,Cysouw2006a,,,
soz-knee-1-1,soz-knee-1,kooso,knee-1,false,expert,Cysouw2006a,,,
chzmaria-knee-1-1,chzmaria-knee-1,koʔma,knee-2,false,expert,Cysouw2006a,,,
chzmiguel-knee-1-1,chzmiguel-knee-1,komaʔ,knee-2,false,expert,Cysouw2006a,,,
chisz-knee-1-1,chisz-knee-1,tungupyoʔk,knee-3,false,expert,Cysouw2006a,,,
nhm-know-1-1,nhm-know-1,nəhava,know-1,false,expert,Cysouw2006a,,,
shm-know-1-1,shm-know-1,naw,know-1,false,expert,Cysouw2006a,,,
lm-know-1-1,lm-know-1,nehwəəy,know-2,false,expert,Cysouw2006a,,,
sap-know-1-1,sap-know-1,hawi,know-2,false,expert,Cysouw2006a,,,
olp-know-1-1,olp-know-1,viniy,know-2,false,expert,Cysouw2006a,,,
txp-know-1-1,txp-know-1,bus,know-3,false,expert,Cysouw2006a,,,
soz-know-1-1,soz-know-1,hoodoʔŋ,know-4,false,expert,Cysouw2006a,,,
chzmaria-know-1-1,chzmaria-know-1,mus,know-3,false,expert,Cysouw2006a,,,
chzmiguel-know-1-1,chzmiguel-know-1,muš,know-3,false,expert,Cysouw2006a,,,
chisz-know-1-1,chisz-know-1,muhs,know-3,false,expert,Cysouw2006a,,,
nhm-leaf-1-1,nhm-leaf-1,aahy,leaf-1,false,expert,Cysouw2006a,,,
shm-leaf-1-1,shm-leaf-1,aay,leaf-1,false,expert,Cysouw2006a,,,
lm-leaf-1-1,lm-leaf-1,aay,leaf-1,false,expert,Cysouw2006a,,,
sap-leaf-1-1,sap-leaf-1,ahy,leaf-1,false,expert,Cysouw2006a,,,
olp-leaf-1-1,olp-leaf-1,ayə,leaf-1,false,expert,Cysouw2006a,,,
txp-leaf-1-1,txp-leaf-1,ʔay,leaf-1,false,expert,Cysouw2006a,,,
soz-leaf-1-1,soz-leaf-1,ay,leaf-1,false,expert,Cysouw2006a,,,
chzmaria-leaf-1-1,chzmaria-leaf-1,ay,leaf-1,false,expert,Cysouw2006a,,,
chzmiguel-leaf-1-1,chzmiguel-leaf-1,ʔayʔ,leaf-1,false,expert,Cysouw2006a,,,
chisz-leaf-1-1,chisz-leaf-1,ay,leaf-1,false,expert,Cysouw2006a,,,
nhm-lie-1-1,nhm-lie-1,maʔva,lie-1,false,expert,Cysouw2006a,,,
shm-lie-1-1,shm-lie-1,koʔoky,lie-2,false,expert,Cysouw2006a,,,
lm-lie-1-1,lm-lie-1,koʔok,lie-2,false,expert,Cysouw2006a,,,
sap-lie-1-1,sap-lie-1,kəmna,lie-3,false,expert,Cysouw2006a,,,
olp-lie-1-1,olp-lie-1,šok,lie-4,false,expert,Cysouw2006a,,,
txp-lie-1-1,txp-lie-1,kas-deʔ,lie-5,false,expert,Cysouw2006a,,,
soz-lie-1-1,soz-lie-1,wooneʔe,lie-6,false,expert,Cysouw2006a,,,
chzmaria-lie-1-1,chzmaria-lie-1,moŋ-kətake,lie-7,false,expert,Cysouw2006a,,,
chzmiguel-lie-1-1,chzmiguel-lie-1,moŋ,lie-7,false,expert,Cysouw2006a,,,
chisz-lie-1-1,chisz-lie-1,əkgehk,lie-8,false,expert,Cysouw2006a,,,
nhm-liver-1-1,nhm-liver-1,nəə hoot,liver-1,false,expert,Cysouw2006a,,,
shm-liver-1-1,shm-liver-1,hoht,liver-1,false,expert,Cysouw2006a,,,
lm-liver-1-1,lm-liver-1,hot,liver-1,false,expert,Cysouw2006a,,,
sap-liver-1-1,sap-liver-1,hooht,liver-1,false,expert,Cysouw2006a,,,
olp-liver-1-1,olp-liver-1,təʔshotə,liver-1,false,expert,Cysouw2006a,,,
txp-liver-1-1,txp-liver-1,tsookoʔ,liver-1,false,expert,Cysouw2006a,,,
soz-liver-1-1,soz-liver-1,tsoogoy,liver-1,false,expert,Cysouw2006a,,,
chzmaria-liver-1-1,chzmaria-liver-1,tsokoʔy,liver-1,false,expert,Cysouw2006a,,,
chzmiguel-liver-1-1,chzmiguel-liver-1,paʔt,liver-2,false,expert,Cysouw2006a,,,
chisz-liver-1-1,chisz-liver-1,paʔt,liver-2,false,expert,Cysouw2006a,,,
nhm-long-1-1,nhm-long-1,yən,long-1,false,expert,Cysouw2006a,,,
shm-long-1-1,shm-long-1,yeny,long-1,false,expert,Cysouw2006a,,,
lm-long-1-1,lm-long-1,yoony,long-2,false,expert,Cysouw2006a,,,
sap-long-1-1,sap-long-1,yagats,long-3,false,expert,Cysouw2006a,,,
olp-long-1-1,olp-long-1,yoneʔk,long-4,false,expert,Cysouw2006a,,,
txp-long-1-1,txp-long-1,yaʔakaʔts,long-3,false,expert,Cysouw2006a,,,
soz-long-1-1,soz-long-1,yagats,long-3,false,expert,Cysouw2006a,,,
chzmaria-long-1-1,chzmaria-long-1,pəhi,long-5,false,expert,Cysouw2006a,,,
chzmiguel-long-1-1,chzmiguel-long-1,pəh-iʔ,long-5,false,expert,Cysouw2006a,,,
chisz-long-1-1,chisz-long-1,pəy,long-5,false,expert,Cysouw2006a,,,
nhm-louse-1-1,nhm-louse-1,əəʔts,louse-1,false,expert,Cysouw2006a,,,
shm-louse-1-1,shm-louse-1,aʔaht,louse-2,false,expert,Cysouw2006a,,,
lm-louse-1-1,lm-louse-1,aad,louse-1,false,expert,Cysouw2006a,,,
sap-louse-1-1,sap-louse-1,aawat,louse-2,false,expert,Cysouw2006a,,,
olp-louse-1-1,olp-louse-1,aavaʔt,louse-2,false,expert,Cysouw2006a,,,
txp-louse-1-1,txp-louse-1,awaʔt,louse-2,false,expert,Cysouw2006a,,,
soz-louse-1-1,soz-louse-1,aʔawat,louse-2,false,expert,Cysouw2006a,,,
chzmaria-louse-1-1,chzmaria-louse-1,awat,louse-2,false,expert,Cysouw2006a,,,
chzmiguel-louse-1-1,chzmiguel-louse-1,ʔawat,louse-2,false,expert,Cysouw2006a,,,
chisz-louse-1-1,chisz-louse-1,awat,louse-2,false,expert,Cysouw2006a,,,
nhm-man-1-1,nhm-man-1,yaaʔtyəhk,man-1,false,expert,Cysouw2006a,,,
shm-man-1-1,shm-man-1,hətyəhk,man-1,false,expert,Cysouw2006a,,,
lm-man-1-1,lm-man-1,yeʔey-dəhk,man-1,false,expert,Cysouw2006a,,,
sap-man-1-1,sap-man-1,hayaw,man-2,false,expert,Cysouw2006a,,,
olp-man-1-1,olp-man-1,yoʔohwa,man-3,false,expert,Cysouw2006a,,,
txp-man-1-1,txp-man-1,pəəñ,man-4,false,expert,Cysouw2006a,,,
soz-man-1-1,soz-man-1,pəəšiñ,man-4,false,expert,Cysouw2006a,,,
chzmaria-man-1-1,chzmaria-man-1,pən,man-4,false,expert,Cysouw2006a,,,
chzmiguel-man-1-1,chzmiguel-man-1,pən,man-4,false,expert,Cysouw2006a,,,
chisz-man-1-1,chisz-man-1,pən,man-4,false,expert,Cysouw2006a,,,
nhm-many-1-1,nhm-many-1,may,many-1,false,expert,Cysouw2006a,,,
shm-many-1-1,shm-many-1,mæy,many-1,false,expert,Cysouw2006a,,,
lm-many-1-1,lm-many-1,may,many-1,false,expert,Cysouw2006a,,,
sap-many-1-1,sap-many-1,may,many-1,false,expert,Cysouw2006a,,,
olp-many-1-1,olp-many-1,paʔko,many-2,false,expert,Cysouw2006a,,,
olp-many-2-1,olp-many-2,taʔna,many-2,false,expert,Cysouw2006a,,,
txp-many-1-1,txp-many-1,dač-ke,many-4,false,expert,Cysouw2006a,,,
txp-many-2-1,txp-many-2,bəks-ke,many-4,false,expert,Cysouw2006a,,,
txp-many-3-1,txp-many-3,səʔəs-daʔa,many-4,false,expert,Cysouw2006a,,,
soz-many-1-1,soz-many-1,agi,many-5,false,expert,Cysouw2006a,,,
soz-many-2-1,soz-many-2,tsaam,many-5,false,expert,Cysouw2006a,,,
soz-many-3-1,soz-many-3,haʔyaŋ,many-5,false,expert,Cysouw2006a,,,
soz-many-4-1,soz-many-4,waatyi,many-5,false,expert,Cysouw2006a,,,
chzmaria-many-1-1,chzmaria-many-1,səhəʔ,many-6,false,expert,Cysouw2006a,,,
chzmiguel-many-1-1,chzmiguel-many-1,šəh-əʔ,many-6,false,expert,Cysouw2006a,,,
chisz-many-1-1,chisz-many-1,wəwə,many-3,false,expert,Cysouw2006a,,,
chisz-many-2-1,chisz-many-2,aŋ-baʔt-e,many-3,false,expert,Cysouw2006a,,,
chisz-many-3-1,chisz-many-3,məʔčəki,many-3,false,expert,Cysouw2006a,,,
nhm-meat-1-1,nhm-meat-1,tsuʔuts,meat-1,false,expert,Cysouw2006a,,,
shm-meat-1-1,shm-meat-1,tsuʔučy,meat-1,false,expert,Cysouw2006a,,,
lm-meat-1-1,lm-meat-1,tsuʔuč,meat-1,false,expert,Cysouw2006a,,,
sap-meat-1-1,sap-meat-1,šiš,meat-2,false,expert,Cysouw2006a,,,
olp-meat-1-1,olp-meat-1,tsuʔči,meat-1,false,expert,Cysouw2006a,,,
txp-meat-1-1,txp-meat-1,šeš,meat-2,false,expert,Cysouw2006a,,,
soz-meat-1-1,soz-meat-1,maayi,meat-3,false,expert,Cysouw2006a,,,
chzmaria-meat-1-1,chzmaria-meat-1,sis,meat-2,false,expert,Cysouw2006a,,,
chzmiguel-meat-1-1,chzmiguel-meat-1,šiš,meat-2,false,expert,Cysouw2006a,,,
chisz-meat-1-1,chisz-meat-1,sis,meat-2,false,expert,Cysouw2006a,,,
nhm-moon-1-1,nhm-moon-1,poʔo,moon-1,false,expert,Cysouw2006a,,,
shm-moon-1-1,shm-moon-1,poʔo,moon-1,false,expert,Cysouw2006a,,,
lm-moon-1-1,lm-moon-1,poʔ,moon-1,false,expert,Cysouw2006a,,,
sap-moon-1-1,sap-moon-1,poʔ,moon-1,false,expert,Cysouw2006a,,,
olp-moon-1-1,olp-moon-1,poʔa,moon-1,false,expert,Cysouw2006a,,,
txp-moon-1-1,txp-moon-1,pooy,moon-1,false,expert,Cysouw2006a,,,
soz-moon-1-1,soz-moon-1,pooya,moon-1,false,expert,Cysouw2006a,,,
chzmaria-moon-1-1,chzmaria-moon-1,sepeʔ,moon-2,false,expert,Cysouw2006a,,,
chzmiguel-moon-1-1,chzmiguel-moon-1,šepeʔ,moon-2,false,expert,Cysouw2006a,,,
chisz-moon-1-1,chisz-moon-1,poyah,moon-1,false,expert,Cysouw2006a,,,
nhm-mountain-1-1,nhm-mountain-1,kopk,mountain-1,false,expert,Cysouw2006a,,,
shm-mountain-1-1,shm-mountain-1,kokp,mountain-1,false,expert,Cysouw2006a,,,
lm-mountain-1-1,lm-mountain-1,koʔogop,mountain-1,false,expert,Cysouw2006a,,,
lm-mountain-2-1,lm-mountain-2,kop,mountain-1,false,expert,Cysouw2006a,,,
sap-mountain-1-1,sap-mountain-1,kopak,mountain-1,false,expert,Cysouw2006a,,,
olp-mountain-1-1,olp-mountain-1,kopaʔk,mountain-1,false,expert,Cysouw2006a,,,
txp-mountain-1-1,txp-mountain-1,kotsək,mountain-2,false,expert,Cysouw2006a,,,
soz-mountain-1-1,soz-mountain-1,kootsək,mountain-2,false,expert,Cysouw2006a,,,
chzmiguel-mountain-1-1,chzmiguel-mountain-1,kotsək,mountain-2,false,expert,Cysouw2006a,,,
chisz-mountain-1-1,chisz-mountain-1,kotsək,mountain-2,false,expert,Cysouw2006a,,,
nhm-mouth-1-1,nhm-mouth-1,aah,mouth-1,false,expert,Cysouw2006a,,,
shm-mouth-1-1,shm-mouth-1,aa,mouth-1,false,expert,Cysouw2006a,,,
lm-mouth-1-1,lm-mouth-1,aawak,mouth-1,false,expert,Cysouw2006a,,,
sap-mouth-1-1,sap-mouth-1,ahw,mouth-1,false,expert,Cysouw2006a,,,
olp-mouth-1-1,olp-mouth-1,avə,mouth-1,false,expert,Cysouw2006a,,,
txp-mouth-1-1,txp-mouth-1,həp,mouth-3,false,expert,Cysouw2006a,,,
soz-mouth-1-1,soz-mouth-1,həp,mouth-3,false,expert,Cysouw2006a,,,
chzmaria-mouth-1-1,chzmaria-mouth-1,həp,mouth-3,false,expert,Cysouw2006a,,,
chzmiguel-mouth-1-1,chzmiguel-mouth-1,həp,mouth-3,false,expert,Cysouw2006a,,,
chisz-mouth-1-1,chisz-mouth-1,aŋnaka,mouth-2,false,expert,Cysouw2006a,,,
nhm-name-1-1,nhm-name-1,šəə,name-1,false,expert,Cysouw2006a,,,
shm-name-1-1,shm-name-1,šəə,name-1,false,expert,Cysouw2006a,,,
lm-name-1-1,lm-name-1,šəə,name-1,false,expert,Cysouw2006a,,,
sap-name-1-1,sap-name-1,nəʔhy,name-2,false,expert,Cysouw2006a,,,
olp-name-1-1,olp-name-1,šəvə,name-1,false,expert,Cysouw2006a,,,
txp-name-1-1,txp-name-1,dəy,name-2,false,expert,Cysouw2006a,,,
soz-name-1-1,soz-name-1,nəəyi,name-2,false,expert,Cysouw2006a,,,
chzmaria-name-1-1,chzmaria-name-1,nəhi,name-2,false,expert,Cysouw2006a,,,
chzmiguel-name-1-1,chzmiguel-name-1,nəhi,name-2,false,expert,Cysouw2006a,,,
chisz-name-1-1,chisz-name-1,nəy,name-2,false,expert,Cysouw2006a,,,
nhm-neck-1-1,nhm-neck-1,yoʔkt,neck-1,false,expert,Cysouw2006a,,,
shm-neck-1-1,shm-neck-1,yoʔkt,neck-1,false,expert,Cysouw2006a,,,
lm-neck-1-1,lm-neck-1,yoʔok-pahk,neck-1,false,expert,Cysouw2006a,,,
sap-neck-1-1,sap-neck-1,yoʔk,neck-1,false,expert,Cysouw2006a,,,
txp-neck-1-1,txp-neck-1,kən-kəʔ,neck-2,false,expert,Cysouw2006a,,,
chzmiguel-neck-1-1,chzmiguel-neck-1,wintuʔ,neck-3,false,expert,Cysouw2006a,,,
chisz-neck-1-1,chisz-neck-1,kənə,neck-2,false,expert,Cysouw2006a,,,
nhm-new-1-1,nhm-new-1,nam,new-1,false,expert,Cysouw2006a,,,
shm-new-1-1,shm-new-1,hempy,new-2,false,expert,Cysouw2006a,,,
lm-new-1-1,lm-new-1,hemy,new-2,false,expert,Cysouw2006a,,,
sap-new-1-1,sap-new-1,namay,new-1,false,expert,Cysouw2006a,,,
olp-new-1-1,olp-new-1,namə,new-1,false,expert,Cysouw2006a,,,
txp-new-1-1,txp-new-1,homə-naʔ,new-2,false,expert,Cysouw2006a,,,
soz-new-1-1,soz-new-1,hoomi,new-2,false,expert,Cysouw2006a,,,
chzmaria-new-1-1,chzmaria-new-1,homeʔ,new-2,false,expert,Cysouw2006a,,,
chzmiguel-new-1-1,chzmiguel-new-1,homeʔ,new-2,false,expert,Cysouw2006a,,,
chisz-new-1-1,chisz-new-1,home,new-2,false,expert,Cysouw2006a,,,
nhm-night-1-1,nhm-night-1,tsυυ,night-2,false,expert,Cysouw2006a,,,
shm-night-1-1,shm-night-1,koots,night-2,false,expert,Cysouw2006a,,,
lm-night-1-1,lm-night-1,adzuuʔəʔ,night-1,false,expert,Cysouw2006a,,,
sap-night-1-1,sap-night-1,tsuʔ,night-1,false,expert,Cysouw2006a,,,
olp-night-1-1,olp-night-1,tsuhə,night-1,false,expert,Cysouw2006a,,,
txp-night-1-1,txp-night-1,tsuʔ,night-1,false,expert,Cysouw2006a,,,
soz-night-1-1,soz-night-1,tsuʔu,night-1,false,expert,Cysouw2006a,,,
chzmaria-night-1-1,chzmaria-night-1,tsuʔhi,night-1,false,expert,Cysouw2006a,,,
chzmiguel-night-1-1,chzmiguel-night-1,tsuʔ,night-1,false,expert,Cysouw2006a,,,
chisz-night-1-1,chisz-night-1,tsuʔ,night-1,false,expert,Cysouw2006a,,,
nhm-nose-1-1,nhm-nose-1,həhp,nose-1,false,expert,Cysouw2006a,,,
shm-nose-1-1,shm-nose-1,həhp,nose-1,false,expert,Cysouw2006a,,,
lm-nose-1-1,lm-nose-1,həhp-put,nose-1,false,expert,Cysouw2006a,,,
sap-nose-1-1,sap-nose-1,həhp,nose-1,false,expert,Cysouw2006a,,,
olp-nose-1-1,olp-nose-1,həpə,nose-1,false,expert,Cysouw2006a,,,
txp-nose-1-1,txp-nose-1,keñ-kuy,nose-2,false,expert,Cysouw2006a,,,
soz-nose-1-1,soz-nose-1,kiiñi,nose-2,false,expert,Cysouw2006a,,,
chzmaria-nose-1-1,chzmaria-nose-1,kinə,nose-2,false,expert,Cysouw2006a,,,
chzmiguel-nose-1-1,chzmiguel-nose-1,kinək,nose-2,false,expert,Cysouw2006a,,,
chisz-nose-1-1,chisz-nose-1,kinə,nose-2,false,expert,Cysouw2006a,,,
nhm-not-1-1,nhm-not-1,kaʔa,not-1,false,expert,Cysouw2006a,,,
shm-not-1-1,shm-not-1,kaʔt,not-1,false,expert,Cysouw2006a,,,
lm-not-1-1,lm-not-1,kaʔ,not-1,false,expert,Cysouw2006a,,,
sap-not-1-1,sap-not-1,kaah,not-1,false,expert,Cysouw2006a,,,
olp-not-1-1,olp-not-1,əʔə,not-2,false,expert,Cysouw2006a,,,
txp-not-1-1,txp-not-1,eñč,not-3,false,expert,Cysouw2006a,,,
soz-not-1-1,soz-not-1,dYa,not-4,false,expert,Cysouw2006a,,,
chzmaria-not-1-1,chzmaria-not-1,wat kaha,not-1,false,expert,Cysouw2006a,,,
chzmiguel-not-1-1,chzmiguel-not-1,ya,not-4,false,expert,Cysouw2006a,,,
chisz-not-1-1,chisz-not-1,haʔne,not-4,false,expert,Cysouw2006a,,,
nhm-one-1-1,nhm-one-1,tυʔk,one-1,false,expert,Cysouw2006a,,,
shm-one-1-1,shm-one-1,tuʔuk,one-1,false,expert,Cysouw2006a,,,
lm-one-1-1,lm-one-1,tuʔuk,one-1,false,expert,Cysouw2006a,,,
sap-one-1-1,sap-one-1,tuʔk,one-1,false,expert,Cysouw2006a,,,
olp-one-1-1,olp-one-1,tuʔk,one-1,false,expert,Cysouw2006a,,,
txp-one-1-1,txp-one-1,tum,one-2,false,expert,Cysouw2006a,,,
soz-one-1-1,soz-one-1,tuum,one-2,false,expert,Cysouw2006a,,,
chzmaria-one-1-1,chzmaria-one-1,tumə,one-2,false,expert,Cysouw2006a,,,
chzmiguel-one-1-1,chzmiguel-one-1,tumə,one-2,false,expert,Cysouw2006a,,,
chisz-one-1-1,chisz-one-1,tumə,one-2,false,expert,Cysouw2006a,,,
nhm-person-1-1,nhm-person-1,hayu,person-1,false,expert,Cysouw2006a,,,
shm-person-1-1,shm-person-1,haʔay,person-1,false,expert,Cysouw2006a,,,
lm-person-1-1,lm-person-1,həy,person-1,false,expert,Cysouw2006a,,,
sap-person-1-1,sap-person-1,hayaw,person-1,false,expert,Cysouw2006a,,,
olp-person-1-1,olp-person-1,haykaʔk,person-1,false,expert,Cysouw2006a,,,
txp-person-1-1,txp-person-1,pəəñ-čaʔ,person-2,false,expert,Cysouw2006a,,,
chisz-person-1-1,chisz-person-1,pən-daʔm,person-2,false,expert,Cysouw2006a,,,
nhm-rain-1-1,nhm-rain-1,tυυ,rain-1,false,expert,Cysouw2006a,,,
shm-rain-1-1,shm-rain-1,tuh,rain-1,false,expert,Cysouw2006a,,,
lm-rain-1-1,lm-rain-1,tuu,rain-1,false,expert,Cysouw2006a,,,
sap-rain-1-1,sap-rain-1,tuu,rain-1,false,expert,Cysouw2006a,,,
olp-rain-1-1,olp-rain-1,tuuhə,rain-1,false,expert,Cysouw2006a,,,
txp-rain-1-1,txp-rain-1,tuh,rain-1,false,expert,Cysouw2006a,,,
soz-rain-1-1,soz-rain-1,tuh,rain-1,false,expert,Cysouw2006a,,,
chzmaria-rain-1-1,chzmaria-rain-1,tuh,rain-1,false,expert,Cysouw2006a,,,
chzmiguel-rain-1-1,chzmiguel-rain-1,tuh,rain-1,false,expert,Cysouw2006a,,,
chisz-rain-1-1,chisz-rain-1,tuh,rain-1,false,expert,Cysouw2006a,,,
nhm-red-1-1,nhm-red-1,tsapts,red-1,false,expert,Cysouw2006a,,,
shm-red-1-1,shm-red-1,tsaps,red-1,false,expert,Cysouw2006a,,,
lm-red-1-1,lm-red-1,tsapts,red-1,false,expert,Cysouw2006a,,,
sap-red-1-1,sap-red-1,tsabats,red-1,false,expert,Cysouw2006a,,,
olp-red-1-1,olp-red-1,tsapaʔs,red-1,false,expert,Cysouw2006a,,,
txp-red-1-1,txp-red-1,tsaʔpaʔts,red-1,false,expert,Cysouw2006a,,,
soz-red-1-1,soz-red-1,tsabats,red-1,false,expert,Cysouw2006a,,,
chzmaria-red-1-1,chzmaria-red-1,tsapats,red-1,false,expert,Cysouw2006a,,,
chzmiguel-red-1-1,chzmiguel-red-1,tsapats,red-1,false,expert,Cysouw2006a,,,
chisz-red-1-1,chisz-red-1,tsapas,red-1,false,expert,Cysouw2006a,,,
nhm-road-1-1,nhm-road-1,tυυʔ,road-1,false,expert,Cysouw2006a,,,
shm-road-1-1,shm-road-1,tuʔu,road-1,false,expert,Cysouw2006a,,,
lm-road-1-1,lm-road-1,tuʔ,road-1,false,expert,Cysouw2006a,,,
sap-road-1-1,sap-road-1,toow,road-1,false,expert,Cysouw2006a,,,
olp-road-1-1,olp-road-1,tuʔaʔw,road-1,false,expert,Cysouw2006a,,,
txp-road-1-1,txp-road-1,tuŋ,road-1,false,expert,Cysouw2006a,,,
soz-road-1-1,soz-road-1,tuŋ,road-1,false,expert,Cysouw2006a,,,
chzmaria-road-1-1,chzmaria-road-1,tuŋ,road-1,false,expert,Cysouw2006a,,,
chzmiguel-road-1-1,chzmiguel-road-1,tuŋ,road-1,false,expert,Cysouw2006a,,,
chisz-road-1-1,chisz-road-1,tuŋ,road-1,false,expert,Cysouw2006a,,,
nhm-root-1-1,nhm-root-1,aaʔts,root-1,false,expert,Cysouw2006a,,,
shm-root-1-1,shm-root-1,aats,root-1,false,expert,Cysouw2006a,,,
lm-root-1-1,lm-root-1,tikts,root-2,false,expert,Cysouw2006a,,,
sap-root-1-1,sap-root-1,tikčik,root-2,false,expert,Cysouw2006a,,,
olp-root-1-1,olp-root-1,čistsəʔw,root-2,false,expert,Cysouw2006a,,,
txp-root-1-1,txp-root-1,čečək,root-2,false,expert,Cysouw2006a,,,
soz-root-1-1,soz-root-1,tyiičək,root-2,false,expert,Cysouw2006a,,,
chzmaria-root-1-1,chzmaria-root-1,waʔts,root-3,false,expert,Cysouw2006a,,,
chzmiguel-root-1-1,chzmiguel-root-1,waʔts,root-3,false,expert,Cysouw2006a,,,
chisz-root-1-1,chisz-root-1,watsi,root-3,false,expert,Cysouw2006a,,,
nhm-round-1-1,nhm-round-1,pigïk,round-1,false,expert,Cysouw2006a,,,
shm-round-1-1,shm-round-1,pehk,round-1,false,expert,Cysouw2006a,,,
lm-round-1-1,lm-round-1,pik,round-1,false,expert,Cysouw2006a,,,
sap-round-1-1,sap-round-1,hoyoy,round-2,false,expert,Cysouw2006a,,,
txp-round-1-1,txp-round-1,woy-woy-če,round-3,false,expert,Cysouw2006a,,,
soz-round-1-1,soz-round-1,woyo,round-3,false,expert,Cysouw2006a,,,
chisz-round-1-1,chisz-round-1,huyuh,round-2,false,expert,Cysouw2006a,,,
nhm-sand-1-1,nhm-sand-1,pυʔυ,sand-1,false,expert,Cysouw2006a,,,
shm-sand-1-1,shm-sand-1,puʔu,sand-1,false,expert,Cysouw2006a,,,
lm-sand-1-1,lm-sand-1,puʔ,sand-1,false,expert,Cysouw2006a,,,
sap-sand-1-1,sap-sand-1,poʔy,sand-1,false,expert,Cysouw2006a,,,
olp-sand-1-1,olp-sand-1,puʔə,sand-1,false,expert,Cysouw2006a,,,
txp-sand-1-1,txp-sand-1,poʔoy,sand-1,false,expert,Cysouw2006a,,,
soz-sand-1-1,soz-sand-1,poʔoy,sand-1,false,expert,Cysouw2006a,,,
chzmaria-sand-1-1,chzmaria-sand-1,haweʔ,sand-3,false,expert,Cysouw2006a,,,
chzmiguel-sand-1-1,chzmiguel-sand-1,poeʔ,sand-1,false,expert,Cysouw2006a,,,
chisz-sand-1-1,chisz-sand-1,waʔna,sand-2,false,expert,Cysouw2006a,,,
nhm-say-1-1,nhm-say-1,vaʔañ,say-1,false,expert,Cysouw2006a,,,
shm-say-1-1,shm-say-1,nə-kapš,say-5,false,expert,Cysouw2006a,,,
lm-say-1-1,lm-say-1,mənaʔn,say-2,false,expert,Cysouw2006a,,,
sap-say-1-1,sap-say-1,nəm,say-3,false,expert,Cysouw2006a,,,
olp-say-1-1,olp-say-1,nəm,say-3,false,expert,Cysouw2006a,,,
txp-say-1-1,txp-say-1,dəm,say-4,false,expert,Cysouw2006a,,,
soz-say-1-1,soz-say-1,nəm,say-4,false,expert,Cysouw2006a,,,
chzmaria-say-1-1,chzmaria-say-1,nəm,say-4,false,expert,Cysouw2006a,,,
chzmiguel-say-1-1,chzmiguel-say-1,nəm,say-4,false,expert,Cysouw2006a,,,
chisz-say-1-1,chisz-say-1,nəm,say-4,false,expert,Cysouw2006a,,,
nhm-see-1-1,nhm-see-1,iš,see-1,false,expert,Cysouw2006a,,,
shm-see-1-1,shm-see-1,eš,see-1,false,expert,Cysouw2006a,,,
lm-see-1-1,lm-see-1,iš,see-1,false,expert,Cysouw2006a,,,
sap-see-1-1,sap-see-1,iš,see-1,false,expert,Cysouw2006a,,,
txp-see-1-1,txp-see-1,ʔeš,see-1,false,expert,Cysouw2006a,,,
soz-see-1-1,soz-see-1,iʔiš,see-1,false,expert,Cysouw2006a,,,
chzmaria-see-1-1,chzmaria-see-1,is,see-1,false,expert,Cysouw2006a,,,
chzmiguel-see-1-1,chzmiguel-see-1,ʔiš,see-1,false,expert,Cysouw2006a,,,
chisz-see-1-1,chisz-see-1,ʔis,see-3,false,expert,Cysouw2006a,,,
sap-see-2-1,sap-see-2,eʔp,see-1,false,expert,Cysouw2006a,,,
olp-see-1-1,olp-see-1,ʔeep,see-1,false,expert,Cysouw2006a,,,
nhm-seed-1-1,nhm-seed-1,təəmt,seed-1,false,expert,Cysouw2006a,,,
shm-seed-1-1,shm-seed-1,pahk,seed-2,false,expert,Cysouw2006a,,,
lm-seed-1-1,lm-seed-1,pahk,seed-2,false,expert,Cysouw2006a,,,
sap-seed-1-1,sap-seed-1,puuh,seed-3,false,expert,Cysouw2006a,,,
olp-seed-1-1,olp-seed-1,pakə,seed-2,false,expert,Cysouw2006a,,,
txp-seed-1-1,txp-seed-1,puh,seed-3,false,expert,Cysouw2006a,,,
soz-seed-1-1,soz-seed-1,pak,seed-2,false,expert,Cysouw2006a,,,
chzmaria-seed-1-1,chzmaria-seed-1,puh,seed-3,false,expert,Cysouw2006a,,,
chzmiguel-seed-1-1,chzmiguel-seed-1,puh,seed-3,false,expert,Cysouw2006a,,,
chisz-seed-1-1,chisz-seed-1,puh,seed-3,false,expert,Cysouw2006a,,,
nhm-sit-1-1,nhm-sit-1,tsïïna,sit-1,false,expert,Cysouw2006a,,,
shm-sit-1-1,shm-sit-1,tsəən,sit-1,false,expert,Cysouw2006a,,,
lm-sit-1-1,lm-sit-1,inyəy,sit-2,false,expert,Cysouw2006a,,,
lm-sit-2-1,lm-sit-2,ištak,sit-2,false,expert,Cysouw2006a,,,
sap-sit-1-1,sap-sit-1,tsəəna,sit-1,false,expert,Cysouw2006a,,,
olp-sit-1-1,olp-sit-1,huunii,sit-3,false,expert,Cysouw2006a,,,
txp-sit-1-1,txp-sit-1,kon,sit-5,false,expert,Cysouw2006a,,,
soz-sit-1-1,soz-sit-1,koñ,sit-5,false,expert,Cysouw2006a,,,
chzmaria-sit-1-1,chzmaria-sit-1,tsənay,sit-1,false,expert,Cysouw2006a,,,
chzmiguel-sit-1-1,chzmiguel-sit-1,tsən,sit-1,false,expert,Cysouw2006a,,,
chisz-sit-1-1,chisz-sit-1,poks,sit-4,false,expert,Cysouw2006a,,,
nhm-skin-1-1,nhm-skin-1,ak,skin-1,false,expert,Cysouw2006a,,,
shm-skin-1-1,shm-skin-1,nəʔak,skin-1,false,expert,Cysouw2006a,,,
lm-skin-1-1,lm-skin-1,ak,skin-1,false,expert,Cysouw2006a,,,
sap-skin-1-1,sap-skin-1,ak,skin-1,false,expert,Cysouw2006a,,,
olp-skin-1-1,olp-skin-1,akə,skin-1,false,expert,Cysouw2006a,,,
txp-skin-1-1,txp-skin-1,daak,skin-2,false,expert,Cysouw2006a,,,
soz-skin-1-1,soz-skin-1,naaka,skin-2,false,expert,Cysouw2006a,,,
chzmaria-skin-1-1,chzmaria-skin-1,naka,skin-2,false,expert,Cysouw2006a,,,
chzmiguel-skin-1-1,chzmiguel-skin-1,naka,skin-2,false,expert,Cysouw2006a,,,
chisz-skin-1-1,chisz-skin-1,naka,skin-2,false,expert,Cysouw2006a,,,
nhm-sleep-1-1,nhm-sleep-1,maʔa,sleep-1,false,expert,Cysouw2006a,,,
shm-sleep-1-1,shm-sleep-1,maʔa,sleep-1,false,expert,Cysouw2006a,,,
lm-sleep-1-1,lm-sleep-1,maʔ,sleep-1,false,expert,Cysouw2006a,,,
sap-sleep-1-1,sap-sleep-1,maa,sleep-1,false,expert,Cysouw2006a,,,
olp-sleep-1-1,olp-sleep-1,maa,sleep-1,false,expert,Cysouw2006a,,,
txp-sleep-1-1,txp-sleep-1,boŋ,sleep-3,false,expert,Cysouw2006a,,,
soz-sleep-1-1,soz-sleep-1,moŋ,sleep-3,false,expert,Cysouw2006a,,,
chzmaria-sleep-1-1,chzmaria-sleep-1,moŋ,sleep-3,false,expert,Cysouw2006a,,,
chzmiguel-sleep-1-1,chzmiguel-sleep-1,kap-ney,sleep-4,false,expert,Cysouw2006a,,,
chisz-sleep-1-1,chisz-sleep-1,əŋ,sleep-2,false,expert,Cysouw2006a,,,
nhm-small-1-1,nhm-small-1,piʔk,small-1,false,expert,Cysouw2006a,,,
shm-small-1-1,shm-small-1,mutsk,small-2,false,expert,Cysouw2006a,,,
lm-small-1-1,lm-small-1,muts,small-2,false,expert,Cysouw2006a,,,
sap-small-1-1,sap-small-1,čičic,small-3,false,expert,Cysouw2006a,,,
olp-small-1-1,olp-small-1,čuuču,small-3,false,expert,Cysouw2006a,,,
txp-small-1-1,txp-small-1,həsə-baa,small-4,false,expert,Cysouw2006a,,,
soz-small-1-1,soz-small-1,šutyu,small-5,false,expert,Cysouw2006a,,,
chzmiguel-small-1-1,chzmiguel-small-1,wakšiŋʔ,small-6,false,expert,Cysouw2006a,,,
chisz-small-1-1,chisz-small-1,čiks,small-3,false,expert,Cysouw2006a,,,
nhm-smoke-1-1,nhm-smoke-1,hok,smoke-1,false,expert,Cysouw2006a,,,
shm-smoke-1-1,shm-smoke-1,hok,smoke-1,false,expert,Cysouw2006a,,,
lm-smoke-1-1,lm-smoke-1,həən-hok,smoke-1,false,expert,Cysouw2006a,,,
sap-smoke-1-1,sap-smoke-1,wiʔšik,smoke-2,false,expert,Cysouw2006a,,,
olp-smoke-1-1,olp-smoke-1,hoko,smoke-1,false,expert,Cysouw2006a,,,
txp-smoke-1-1,txp-smoke-1,hook,smoke-1,false,expert,Cysouw2006a,,,
soz-smoke-1-1,soz-smoke-1,hooko,smoke-1,false,expert,Cysouw2006a,,,
chzmaria-smoke-1-1,chzmaria-smoke-1,oʔmaʔ,smoke-3,false,expert,Cysouw2006a,,,
chzmiguel-smoke-1-1,chzmiguel-smoke-1,ʔomaʔ,smoke-3,false,expert,Cysouw2006a,,,
chisz-smoke-1-1,chisz-smoke-1,hokoh,smoke-1,false,expert,Cysouw2006a,,,
nhm-stand-1-1,nhm-stand-1,tena,stand-1,false,expert,Cysouw2006a,,,
shm-stand-1-1,shm-stand-1,tənæy,stand-1,false,expert,Cysouw2006a,,,
lm-stand-1-1,lm-stand-1,tenaay,stand-1,false,expert,Cysouw2006a,,,
sap-stand-1-1,sap-stand-1,tena,stand-1,false,expert,Cysouw2006a,,,
olp-stand-1-1,olp-stand-1,teniy,stand-1,false,expert,Cysouw2006a,,,
txp-stand-1-1,txp-stand-1,hoop-deʔ,stand-2,false,expert,Cysouw2006a,,,
soz-stand-1-1,soz-stand-1,teeñ,stand-1,false,expert,Cysouw2006a,,,
chzmiguel-stand-1-1,chzmiguel-stand-1,ten,stand-1,false,expert,Cysouw2006a,,,
chisz-stand-1-1,chisz-stand-1,tenay,stand-1,false,expert,Cysouw2006a,,,
chzmaria-stand-1-1,chzmaria-stand-1,maʔŋəy,stand-1,false,expert,Cysouw2006a,,,
chzmiguel-stand-2-1,chzmiguel-stand-2,maŋ-ney,stand-1,false,expert,Cysouw2006a,,,
nhm-star-1-1,nhm-star-1,maatsa,star-1,false,expert,Cysouw2006a,,,
shm-star-1-1,shm-star-1,matsaʔa,star-1,false,expert,Cysouw2006a,,,
lm-star-1-1,lm-star-1,madzaʔ,star-1,false,expert,Cysouw2006a,,,
sap-star-1-1,sap-star-1,maahts,star-1,false,expert,Cysouw2006a,,,
olp-star-1-1,olp-star-1,maatsaʔaʔk,star-1,false,expert,Cysouw2006a,,,
txp-star-1-1,txp-star-1,baatsaʔ,star-1,false,expert,Cysouw2006a,,,
soz-star-1-1,soz-star-1,maatsa,star-1,false,expert,Cysouw2006a,,,
chzmaria-star-1-1,chzmaria-star-1,matsaʔ,star-1,false,expert,Cysouw2006a,,,
chzmiguel-star-1-1,chzmiguel-star-1,matsaʔ,star-1,false,expert,Cysouw2006a,,,
chisz-star-1-1,chisz-star-1,matsa,star-1,false,expert,Cysouw2006a,,,
nhm-stone-1-1,nhm-stone-1,tsaa,stone-1,false,expert,Cysouw2006a,,,
shm-stone-1-1,shm-stone-1,tsah,stone-1,false,expert,Cysouw2006a,,,
lm-stone-1-1,lm-stone-1,tsaa,stone-1,false,expert,Cysouw2006a,,,
sap-stone-1-1,sap-stone-1,tsaʔ,stone-1,false,expert,Cysouw2006a,,,
olp-stone-1-1,olp-stone-1,tsaahə,stone-1,false,expert,Cysouw2006a,,,
txp-stone-1-1,txp-stone-1,tsaʔ,stone-1,false,expert,Cysouw2006a,,,
soz-stone-1-1,soz-stone-1,tsa,stone-1,false,expert,Cysouw2006a,,,
chzmaria-stone-1-1,chzmaria-stone-1,tsaʔ,stone-1,false,expert,Cysouw2006a,,,
chzmiguel-stone-1-1,chzmiguel-stone-1,tsaʔ,stone-1,false,expert,Cysouw2006a,,,
chisz-stone-1-1,chisz-stone-1,tsaʔ,stone-1,false,expert,Cysouw2006a,,,
nhm-sun-1-1,nhm-sun-1,šəə,sun-1,false,expert,Cysouw2006a,,,
shm-sun-1-1,shm-sun-1,šəʔan,sun-1,false,expert,Cysouw2006a,,,
lm-sun-1-1,lm-sun-1,šəə,sun-1,false,expert,Cysouw2006a,,,
sap-sun-1-1,sap-sun-1,šəhw,sun-1,false,expert,Cysouw2006a,,,
olp-sun-1-1,olp-sun-1,šəvə,sun-1,false,expert,Cysouw2006a,,,
txp-sun-1-1,txp-sun-1,haam,sun-2,false,expert,Cysouw2006a,,,
soz-sun-1-1,soz-sun-1,haama,sun-2,false,expert,Cysouw2006a,,,
chzmaria-sun-1-1,chzmaria-sun-1,hama,sun-2,false,expert,Cysouw2006a,,,
chzmiguel-sun-1-1,chzmiguel-sun-1,hama,sun-2,false,expert,Cysouw2006a,,,
chisz-sun-1-1,chisz-sun-1,hama,sun-2,false,expert,Cysouw2006a,,,
nhm-swim-1-1,nhm-swim-1,nə-vïïʔn,swim-1,false,expert,Cysouw2006a,,,
shm-swim-1-1,shm-swim-1,nə-yum,swim-3,false,expert,Cysouw2006a,,,
lm-swim-1-1,lm-swim-1,yaab,swim-2,false,expert,Cysouw2006a,,,
sap-swim-1-1,sap-swim-1,yun,swim-3,false,expert,Cysouw2006a,,,
olp-swim-1-1,olp-swim-1,yun,swim-3,false,expert,Cysouw2006a,,,
txp-swim-1-1,txp-swim-1,pəʔn,swim-5,false,expert,Cysouw2006a,,,
soz-swim-1-1,soz-swim-1,puʔn,swim-5,false,expert,Cysouw2006a,,,
chzmaria-swim-1-1,chzmaria-swim-1,yun,swim-3,false,expert,Cysouw2006a,,,
chzmiguel-swim-1-1,chzmiguel-swim-1,yuk,swim-6,false,expert,Cysouw2006a,,,
chisz-swim-1-1,chisz-swim-1,hemu,swim-4,false,expert,Cysouw2006a,,,
nhm-tail-1-1,nhm-tail-1,tυʔšta,tail-1,false,expert,Cysouw2006a,,,
shm-tail-1-1,shm-tail-1,tutst,tail-1,false,expert,Cysouw2006a,,,
lm-tail-1-1,lm-tail-1,piʔišy,tail-2,false,expert,Cysouw2006a,,,
sap-tail-1-1,sap-tail-1,tuʔhts,tail-1,false,expert,Cysouw2006a,,,
olp-tail-1-1,olp-tail-1,tuʔsta,tail-1,false,expert,Cysouw2006a,,,
txp-tail-1-1,txp-tail-1,tuʔts,tail-1,false,expert,Cysouw2006a,,,
soz-tail-1-1,soz-tail-1,tuʔts,tail-1,false,expert,Cysouw2006a,,,
chzmaria-tail-1-1,chzmaria-tail-1,tuʔts,tail-1,false,expert,Cysouw2006a,,,
chzmiguel-tail-1-1,chzmiguel-tail-1,tuʔts,tail-1,false,expert,Cysouw2006a,,,
chisz-tail-1-1,chisz-tail-1,tuʔts,tail-1,false,expert,Cysouw2006a,,,
nhm-that-1-1,nhm-that-1,šiiʔ,that-1,false,expert,Cysouw2006a,,,
shm-that-1-1,shm-that-1,hæʔæ,that-6,false,expert,Cysouw2006a,,,
lm-that-1-1,lm-that-1,hehəmbə,that-2,false,expert,Cysouw2006a,,,
sap-that-1-1,sap-that-1,yahyəʔn,that-3,false,expert,Cysouw2006a,,,
olp-that-1-1,olp-that-1,hamah,that-2,false,expert,Cysouw2006a,,,
soz-that-1-1,soz-that-1,heam,that-2,false,expert,Cysouw2006a,,,
chzmiguel-that-1-1,chzmiguel-that-1,ga.də,that-5,false,expert,Cysouw2006a,,,
chisz-that-1-1,chisz-that-1,əʔ,that-4,false,expert,Cysouw2006a,,,
nhm-this-1-1,nhm-this-1,yəʔə,this-1,false,expert,Cysouw2006a,,,
shm-this-1-1,shm-this-1,yaʔat,this-1,false,expert,Cysouw2006a,,,
lm-this-1-1,lm-this-1,hadaʔ,this-2,false,expert,Cysouw2006a,,,
sap-this-1-1,sap-this-1,ayəəh,this-1,false,expert,Cysouw2006a,,,
olp-this-1-1,olp-this-1,heʔ,this-3,false,expert,Cysouw2006a,,,
txp-this-1-1,txp-this-1,yəʔəhəʔ,this-1,false,expert,Cysouw2006a,,,
soz-this-1-1,soz-this-1,heʔepək,this-4,false,expert,Cysouw2006a,,,
chzmaria-this-1-1,chzmaria-this-1,yəʔ-pəʔ,this-1,false,expert,Cysouw2006a,,,
chzmiguel-this-1-1,chzmiguel-this-1,yəʔ,this-1,false,expert,Cysouw2006a,,,
chisz-this-1-1,chisz-this-1,yəʔ-wə,this-1,false,expert,Cysouw2006a,,,
nhm-thou-1-1,nhm-thou-1,mits,thou-1,false,expert,Cysouw2006a,,,
shm-thou-1-1,shm-thou-1,mehts,thou-1,false,expert,Cysouw2006a,,,
lm-thou-1-1,lm-thou-1,miič,thou-1,false,expert,Cysouw2006a,,,
sap-thou-1-1,sap-thou-1,mii,thou-1,false,expert,Cysouw2006a,,,
olp-thou-1-1,olp-thou-1,miis,thou-1,false,expert,Cysouw2006a,,,
txp-thou-1-1,txp-thou-1,bič,thou-1,false,expert,Cysouw2006a,,,
soz-thou-1-1,soz-thou-1,mič,thou-1,false,expert,Cysouw2006a,,,
chzmaria-thou-1-1,chzmaria-thou-1,mits,thou-1,false,expert,Cysouw2006a,,,
chzmiguel-thou-1-1,chzmiguel-thou-1,mi-š,thou-1,false,expert,Cysouw2006a,,,
chisz-thou-1-1,chisz-thou-1,mih,thou-1,false,expert,Cysouw2006a,,,
nhm-tongue-1-1,nhm-tongue-1,toots,tongue-1,false,expert,Cysouw2006a,,,
shm-tongue-1-1,shm-tongue-1,toots,tongue-1,false,expert,Cysouw2006a,,,
lm-tongue-1-1,lm-tongue-1,toots,tongue-1,false,expert,Cysouw2006a,,,
sap-tongue-1-1,sap-tongue-1,toohts,tongue-1,false,expert,Cysouw2006a,,,
olp-tongue-1-1,olp-tongue-1,tootsə,tongue-1,false,expert,Cysouw2006a,,,
soz-tongue-1-1,soz-tongue-1,tots,tongue-1,false,expert,Cysouw2006a,,,
chzmaria-tongue-1-1,chzmaria-tongue-1,yen-kuʔy,tongue-2,false,expert,Cysouw2006a,,,
chzmiguel-tongue-1-1,chzmiguel-tongue-1,tots,tongue-1,false,expert,Cysouw2006a,,,
chisz-tongue-1-1,chisz-tongue-1,tots,tongue-1,false,expert,Cysouw2006a,,,
nhm-tooth-1-1,nhm-tooth-1,təəts,tooth-1,false,expert,Cysouw2006a,,,
shm-tooth-1-1,shm-tooth-1,təəts,tooth-1,false,expert,Cysouw2006a,,,
lm-tooth-1-1,lm-tooth-1,təəts,tooth-1,false,expert,Cysouw2006a,,,
sap-tooth-1-1,sap-tooth-1,təəhts,tooth-1,false,expert,Cysouw2006a,,,
olp-tooth-1-1,olp-tooth-1,təətsə,tooth-1,false,expert,Cysouw2006a,,,
txp-tooth-1-1,txp-tooth-1,təts,tooth-1,false,expert,Cysouw2006a,,,
soz-tooth-1-1,soz-tooth-1,təts,tooth-1,false,expert,Cysouw2006a,,,
chzmaria-tooth-1-1,chzmaria-tooth-1,təts,tooth-1,false,expert,Cysouw2006a,,,
chzmiguel-tooth-1-1,chzmiguel-tooth-1,təts,tooth-1,false,expert,Cysouw2006a,,,
chisz-tooth-1-1,chisz-tooth-1,təts,tooth-1,false,expert,Cysouw2006a,,,
nhm-tree-1-1,nhm-tree-1,kïp,tree-1,false,expert,Cysouw2006a,,,
shm-tree-1-1,shm-tree-1,šoh,tree-2,false,expert,Cysouw2006a,,,
lm-tree-1-1,lm-tree-1,kipy,tree-1,false,expert,Cysouw2006a,,,
sap-tree-1-1,sap-tree-1,kuhy,tree-1,false,expert,Cysouw2006a,,,
olp-tree-1-1,olp-tree-1,kuyə,tree-1,false,expert,Cysouw2006a,,,
txp-tree-1-1,txp-tree-1,kuy,tree-1,false,expert,Cysouw2006a,,,
soz-tree-1-1,soz-tree-1,kuy,tree-1,false,expert,Cysouw2006a,,,
chzmaria-tree-1-1,chzmaria-tree-1,kuy,tree-1,false,expert,Cysouw2006a,,,
chzmiguel-tree-1-1,chzmiguel-tree-1,kuy,tree-1,false,expert,Cysouw2006a,,,
chisz-tree-1-1,chisz-tree-1,kuy,tree-1,false,expert,Cysouw2006a,,,
nhm-two-1-1,nhm-two-1,mehtsk,two-1,false,expert,Cysouw2006a,,,
shm-two-1-1,shm-two-1,mætsk,two-1,false,expert,Cysouw2006a,,,
lm-two-1-1,lm-two-1,mets,two-1,false,expert,Cysouw2006a,,,
sap-two-1-1,sap-two-1,mečk,two-1,false,expert,Cysouw2006a,,,
olp-two-1-1,olp-two-1,mes-ko,two-1,false,expert,Cysouw2006a,,,
txp-two-1-1,txp-two-1,wəs-naʔ,two-2,false,expert,Cysouw2006a,,,
soz-two-1-1,soz-two-1,wəs-teen,two-2,false,expert,Cysouw2006a,,,
chzmaria-two-1-1,chzmaria-two-1,mets-aʔaŋ,two-3,false,expert,Cysouw2006a,,,
chzmiguel-two-1-1,chzmiguel-two-1,mets-a-ʔaŋ,two-3,false,expert,Cysouw2006a,,,
chisz-two-1-1,chisz-two-1,metsa,two-1,false,expert,Cysouw2006a,,,
nhm-walkgo-1-1,nhm-walkgo-1,yoʔoy,walkgo-1,false,expert,Cysouw2006a,,,
shm-walkgo-1-1,shm-walkgo-1,yoʔoy,walkgo-1,false,expert,Cysouw2006a,,,
lm-walkgo-1-1,lm-walkgo-1,yoʔoy,walkgo-1,false,expert,Cysouw2006a,,,
sap-walkgo-1-1,sap-walkgo-1,yoʔy,walkgo-1,false,expert,Cysouw2006a,,,
olp-walkgo-1-1,olp-walkgo-1,vit,walkgo-2,false,expert,Cysouw2006a,,,
txp-walkgo-1-1,txp-walkgo-1,weč,walkgo-2,false,expert,Cysouw2006a,,,
soz-walkgo-1-1,soz-walkgo-1,wity,walkgo-2,false,expert,Cysouw2006a,,,
chzmiguel-walkgo-1-1,chzmiguel-walkgo-1,wit,walkgo-2,false,expert,Cysouw2006a,,,
chisz-walkgo-1-1,chisz-walkgo-1,wiht,walkgo-2,false,expert,Cysouw2006a,,,
chzmaria-walkgo-1-1,chzmaria-walkgo-1,tuʔŋah,walkgo-1,false,expert,Cysouw2006a,,,
chzmiguel-walkgo-2-1,chzmiguel-walkgo-2,tuŋ-ʔah,walkgo-1,false,expert,Cysouw2006a,,,
nhm-warm-1-1,nhm-warm-1,an,warm-1,false,expert,Cysouw2006a,,,
shm-warm-1-1,shm-warm-1,an,warm-1,false,expert,Cysouw2006a,,,
lm-warm-1-1,lm-warm-1,an,warm-1,false,expert,Cysouw2006a,,,
sap-warm-1-1,sap-warm-1,powik,warm-2,false,expert,Cysouw2006a,,,
sap-warm-2-1,sap-warm-2,toyap,warm-2,false,expert,Cysouw2006a,,,
olp-warm-1-1,olp-warm-1,hokoʔš,warm-3,false,expert,Cysouw2006a,,,
chzmaria-warm-1-1,chzmaria-warm-1,nuts,warm-5,false,expert,Cysouw2006a,,,
chzmiguel-warm-1-1,chzmiguel-warm-1,yuk-nuts,warm-5,false,expert,Cysouw2006a,,,
chisz-warm-1-1,chisz-warm-1,pih,warm-4,false,expert,Cysouw2006a,,,
chisz-warm-2-1,chisz-warm-2,yoʔk-a,warm-4,false,expert,Cysouw2006a,,,
nhm-water-1-1,nhm-water-1,nəə,water-1,false,expert,Cysouw2006a,,,
shm-water-1-1,shm-water-1,nəh,water-1,false,expert,Cysouw2006a,,,
lm-water-1-1,lm-water-1,nəə,water-1,false,expert,Cysouw2006a,,,
sap-water-1-1,sap-water-1,nəʔ,water-1,false,expert,Cysouw2006a,,,
olp-water-1-1,olp-water-1,nəəhə,water-1,false,expert,Cysouw2006a,,,
txp-water-1-1,txp-water-1,dəʔ,water-1,false,expert,Cysouw2006a,,,
soz-water-1-1,soz-water-1,nə,water-1,false,expert,Cysouw2006a,,,
chzmaria-water-1-1,chzmaria-water-1,nəʔ,water-1,false,expert,Cysouw2006a,,,
chzmiguel-water-1-1,chzmiguel-water-1,nəʔ,water-1,false,expert,Cysouw2006a,,,
chisz-water-1-1,chisz-water-1,nəʔ,water-1,false,expert,Cysouw2006a,,,
nhm-we-1-1,nhm-we-1,əəts,we-1,false,expert,Cysouw2006a,,,
shm-we-1-1,shm-we-1,əəts,we-1,false,expert,Cysouw2006a,,,
lm-we-1-1,lm-we-1,əəč aht,we-1,false,expert,Cysouw2006a,,,
sap-we-1-1,sap-we-1,əhtsat,we-1,false,expert,Cysouw2006a,,,
olp-we-1-1,olp-we-1,ətsaateʔk,we-1,false,expert,Cysouw2006a,,,
txp-we-1-1,txp-we-1,ʔəts-taʔ,we-1,false,expert,Cysouw2006a,,,
chzmaria-we-1-1,chzmaria-we-1,newinynen,we-2,false,expert,Cysouw2006a,,,
chzmiguel-we-1-1,chzmiguel-we-1,neywin,we-2,false,expert,Cysouw2006a,,,
chisz-we-1-1,chisz-we-1,təh,we-3,false,expert,Cysouw2006a,,,
nhm-what-1-1,nhm-what-1,ti,what-1,false,expert,Cysouw2006a,,,
shm-what-1-1,shm-what-1,tii,what-1,false,expert,Cysouw2006a,,,
lm-what-1-1,lm-what-1,ti,what-1,false,expert,Cysouw2006a,,,
sap-what-1-1,sap-what-1,ti,what-1,false,expert,Cysouw2006a,,,
olp-what-1-1,olp-what-1,ti,what-1,false,expert,Cysouw2006a,,,
txp-what-1-1,txp-what-1,čeʔ,what-1,false,expert,Cysouw2006a,,,
soz-what-1-1,soz-what-1,tyi,what-1,false,expert,Cysouw2006a,,,
chzmaria-what-1-1,chzmaria-what-1,ti,what-1,false,expert,Cysouw2006a,,,
chzmiguel-what-1-1,chzmiguel-what-1,ti,what-1,false,expert,Cysouw2006a,,,
chisz-what-1-1,chisz-what-1,tiyə,what-1,false,expert,Cysouw2006a,,,
nhm-white-1-1,nhm-white-1,pooʔp,white-1,false,expert,Cysouw2006a,,,
shm-white-1-1,shm-white-1,poop,white-1,false,expert,Cysouw2006a,,,
lm-white-1-1,lm-white-1,poob,white-1,false,expert,Cysouw2006a,,,
sap-white-1-1,sap-white-1,poʔp,white-1,false,expert,Cysouw2006a,,,
olp-white-1-1,olp-white-1,poopoʔ,white-1,false,expert,Cysouw2006a,,,
txp-white-1-1,txp-white-1,popoʔ,white-1,false,expert,Cysouw2006a,,,
soz-white-1-1,soz-white-1,poʔobaap,white-1,false,expert,Cysouw2006a,,,
chzmaria-white-1-1,chzmaria-white-1,popoʔ,white-1,false,expert,Cysouw2006a,,,
chzmiguel-white-1-1,chzmiguel-white-1,popoʔ,white-1,false,expert,Cysouw2006a,,,
chisz-white-1-1,chisz-white-1,popo,white-1,false,expert,Cysouw2006a,,,
nhm-who-1-1,nhm-who-1,pən,who-1,false,expert,Cysouw2006a,,,
shm-who-1-1,shm-who-1,pən,who-1,false,expert,Cysouw2006a,,,
lm-who-1-1,lm-who-1,pən,who-1,false,expert,Cysouw2006a,,,
sap-who-1-1,sap-who-1,pən,who-1,false,expert,Cysouw2006a,,,
olp-who-1-1,olp-who-1,pən,who-1,false,expert,Cysouw2006a,,,
txp-who-1-1,txp-who-1,ʔee,who-3,false,expert,Cysouw2006a,,,
soz-who-1-1,soz-who-1,iapaʔap,who-4,false,expert,Cysouw2006a,,,
chzmaria-who-1-1,chzmaria-who-1,i-wə,who-2,false,expert,Cysouw2006a,,,
chzmiguel-who-1-1,chzmiguel-who-1,ʔi-wə,who-2,false,expert,Cysouw2006a,,,
chisz-who-1-1,chisz-who-1,i-wə,who-2,false,expert,Cysouw2006a,,,
nhm-woman-1-1,nhm-woman-1,təʔəštəhk,woman-1,false,expert,Cysouw2006a,,,
shm-woman-1-1,shm-woman-1,tišytyəhk,woman-2,false,expert,Cysouw2006a,,,
lm-woman-1-1,lm-woman-1,toʔošyhəy,woman-2,false,expert,Cysouw2006a,,,
sap-woman-1-1,sap-woman-1,toʔšay,woman-2,false,expert,Cysouw2006a,,,
olp-woman-1-1,olp-woman-1,mahaw,woman-3,false,expert,Cysouw2006a,,,
txp-woman-1-1,txp-woman-1,yoomaʔ,woman-4,false,expert,Cysouw2006a,,,
soz-woman-1-1,soz-woman-1,yoomo,woman-4,false,expert,Cysouw2006a,,,
chzmaria-woman-1-1,chzmaria-woman-1,yoməʔ,woman-4,false,expert,Cysouw2006a,,,
chzmiguel-woman-1-1,chzmiguel-woman-1,yomaaʔ,woman-4,false,expert,Cysouw2006a,,,
chisz-woman-1-1,chisz-woman-1,yomo,woman-4,false,expert,Cysouw2006a,,,
nhm-yellow-1-1,nhm-yellow-1,pυʔts,yellow-1,false,expert,Cysouw2006a,,,
shm-yellow-1-1,shm-yellow-1,puts,yellow-1,false,expert,Cysouw2006a,,,
lm-yellow-1-1,lm-yellow-1,puʔts,yellow-1,false,expert,Cysouw2006a,,,
sap-yellow-1-1,sap-yellow-1,puʔts-puts,yellow-1,false,expert,Cysouw2006a,,,
olp-yellow-1-1,olp-yellow-1,puʔs-puʔs,yellow-1,false,expert,Cysouw2006a,,,
txp-yellow-1-1,txp-yellow-1,puʔuč-eʔ,yellow-1,false,expert,Cysouw2006a,,,
soz-yellow-1-1,soz-yellow-1,puʔuč,yellow-1,false,expert,Cysouw2006a,,,
chzmaria-yellow-1-1,chzmaria-yellow-1,puʔtsiʔ,yellow-1,false,expert,Cysouw2006a,,,
chzmiguel-yellow-1-1,chzmiguel-yellow-1,puʔts-puʔts,yellow-1,false,expert,Cysouw2006a,,,
chisz-yellow-1-1,chisz-yellow-1,puʔtsə,yellow-1,false,expert,Cysouw2006a,,,
nhm-far-1-1,nhm-far-1,hekum,far-1,false,expert,Cysouw2006a,,,
shm-far-1-1,shm-far-1,hækæm,far-1,false,expert,Cysouw2006a,,,
lm-far-1-1,lm-far-1,həgem,far-1,false,expert,Cysouw2006a,,,
sap-far-1-1,sap-far-1,yagats,far-2,false,expert,Cysouw2006a,,,
olp-far-1-1,olp-far-1,heškeʔkeʔk,far-3,false,expert,Cysouw2006a,,,
txp-far-1-1,txp-far-1,huʔum,far-5,false,expert,Cysouw2006a,,,
soz-far-1-1,soz-far-1,huʔumə,far-5,false,expert,Cysouw2006a,,,
chzmaria-far-1-1,chzmaria-far-1,yaʔhi,far-4,false,expert,Cysouw2006a,,,
chzmiguel-far-1-1,chzmiguel-far-1,yah-əʔ,far-4,false,expert,Cysouw2006a,,,
chisz-far-1-1,chisz-far-1,yaʔay,far-4,false,expert,Cysouw2006a,,,
nhm-heavy-1-1,nhm-heavy-1,hemïts,heavy-1,false,expert,Cysouw2006a,,,
shm-heavy-1-1,shm-heavy-1,heʔmšy,heavy-2,false,expert,Cysouw2006a,,,
lm-heavy-1-1,lm-heavy-1,hemšy,heavy-2,false,expert,Cysouw2006a,,,
sap-heavy-1-1,sap-heavy-1,uʔts,heavy-3,false,expert,Cysouw2006a,,,
txp-heavy-1-1,txp-heavy-1,tsaʔks-naʔ,heavy-2,false,expert,Cysouw2006a,,,
soz-heavy-1-1,soz-heavy-1,tsakš-ñi,heavy-2,false,expert,Cysouw2006a,,,
chzmaria-heavy-1-1,chzmaria-heavy-1,hemets,heavy-1,false,expert,Cysouw2006a,,,
chzmiguel-heavy-1-1,chzmiguel-heavy-1,hemeʔts,heavy-1,false,expert,Cysouw2006a,,,
chisz-heavy-1-1,chisz-heavy-1,hemets,heavy-1,false,expert,Cysouw2006a,,,
nhm-near-1-1,nhm-near-1,təmhi,near-2,false,expert,Cysouw2006a,,,
shm-near-1-1,shm-near-1,hənkon,near-1,false,expert,Cysouw2006a,,,
lm-near-1-1,lm-near-1,wingon,near-1,false,expert,Cysouw2006a,,,
sap-near-1-1,sap-near-1,tom,near-2,false,expert,Cysouw2006a,,,
olp-near-1-1,olp-near-1,tomeʔk,near-2,false,expert,Cysouw2006a,,,
txp-near-1-1,txp-near-1,taʔan,near-3,false,expert,Cysouw2006a,,,
soz-near-1-1,soz-near-1,taʔañi,near-3,false,expert,Cysouw2006a,,,
chzmaria-near-1-1,chzmaria-near-1,tomeʔ,near-2,false,expert,Cysouw2006a,,,
chzmiguel-near-1-1,chzmiguel-near-1,tom-eʔ,near-2,false,expert,Cysouw2006a,,,
chisz-near-1-1,chisz-near-1,tome,near-2,false,expert,Cysouw2006a,,,
nhm-salt-1-1,nhm-salt-1,kaan,salt-1,false,expert,Cysouw2006a,,,
shm-salt-1-1,shm-salt-1,kaan,salt-1,false,expert,Cysouw2006a,,,
lm-salt-1-1,lm-salt-1,kaan,salt-1,false,expert,Cysouw2006a,,,
sap-salt-1-1,sap-salt-1,kaan,salt-1,false,expert,Cysouw2006a,,,
olp-salt-1-1,olp-salt-1,kaana,salt-1,false,expert,Cysouw2006a,,,
txp-salt-1-1,txp-salt-1,kaan,salt-1,false,expert,Cysouw2006a,,,
soz-salt-1-1,soz-salt-1,kaana,salt-1,false,expert,Cysouw2006a,,,
chzmaria-salt-1-1,chzmaria-salt-1,kana,salt-1,false,expert,Cysouw2006a,,,
chzmiguel-salt-1-1,chzmiguel-salt-1,kana,salt-1,false,expert,Cysouw2006a,,,
chisz-salt-1-1,chisz-salt-1,kana,salt-1,false,expert,Cysouw2006a,,,
nhm-short-1-1,nhm-short-1,kona,short-1,false,expert,Cysouw2006a,,,
shm-short-1-1,shm-short-1,kon,short-1,false,expert,Cysouw2006a,,,
lm-short-1-1,lm-short-1,kon,short-1,false,expert,Cysouw2006a,,,
olp-short-1-1,olp-short-1,konoʔk,short-1,false,expert,Cysouw2006a,,,
txp-short-1-1,txp-short-1,dokkoʔ,short-2,false,expert,Cysouw2006a,,,
soz-short-1-1,soz-short-1,noko,short-2,false,expert,Cysouw2006a,,,
chzmaria-short-1-1,chzmaria-short-1,konoʔ,short-1,false,expert,Cysouw2006a,,,
chzmiguel-short-1-1,chzmiguel-short-1,kon-oʔ,short-1,false,expert,Cysouw2006a,,,
chisz-short-1-1,chisz-short-1,kono,short-1,false,expert,Cysouw2006a,,,
nhm-snake-1-1,nhm-snake-1,tsaaʔn,snake-1,false,expert,Cysouw2006a,,,
shm-snake-1-1,shm-snake-1,tsaʔany,snake-1,false,expert,Cysouw2006a,,,
lm-snake-1-1,lm-snake-1,tsaʔny,snake-1,false,expert,Cysouw2006a,,,
sap-snake-1-1,sap-snake-1,tsanay,snake-1,false,expert,Cysouw2006a,,,
olp-snake-1-1,olp-snake-1,tsanaʔy,snake-1,false,expert,Cysouw2006a,,,
txp-snake-1-1,txp-snake-1,tsaañ,snake-1,false,expert,Cysouw2006a,,,
soz-snake-1-1,soz-snake-1,tsaañ,snake-1,false,expert,Cysouw2006a,,,
chzmaria-snake-1-1,chzmaria-snake-1,tsahin,snake-1,false,expert,Cysouw2006a,,,
chzmiguel-snake-1-1,chzmiguel-snake-1,tsahin,snake-1,false,expert,Cysouw2006a,,,
chisz-snake-1-1,chisz-snake-1,tsan,snake-1,false,expert,Cysouw2006a,,,
nhm-thin-1-1,nhm-thin-1,pehi,thin-1,false,expert,Cysouw2006a,,,
shm-thin-1-1,shm-thin-1,pehy,thin-1,false,expert,Cysouw2006a,,,
lm-thin-1-1,lm-thin-1,pehy,thin-1,false,expert,Cysouw2006a,,,
sap-thin-1-1,sap-thin-1,pehay,thin-1,false,expert,Cysouw2006a,,,
olp-thin-1-1,olp-thin-1,hətəʔt,thin-2,false,expert,Cysouw2006a,,,
olp-thin-2-1,olp-thin-2,niipakə,thin-2,false,expert,Cysouw2006a,,,
olp-thin-3-1,olp-thin-3,pakə,thin-2,false,expert,Cysouw2006a,,,
txp-thin-1-1,txp-thin-1,waayeʔ,thin-4,false,expert,Cysouw2006a,,,
txp-thin-2-1,txp-thin-2,əʔks-kəʔdaʔa,thin-4,false,expert,Cysouw2006a,,,
txp-thin-3-1,txp-thin-3,kal-pak-daʔa,thin-4,false,expert,Cysouw2006a,,,
soz-thin-1-1,soz-thin-1,čehče,thin-5,false,expert,Cysouw2006a,,,
soz-thin-2-1,soz-thin-2,wayay,thin-5,false,expert,Cysouw2006a,,,
chzmaria-thin-1-1,chzmaria-thin-1,piʔiʔ,thin-1,false,expert,Cysouw2006a,,,
chzmiguel-thin-1-1,chzmiguel-thin-1,kitsa,thin-6,false,expert,Cysouw2006a,,,
chisz-thin-1-1,chisz-thin-1,tseya,thin-3,false,expert,Cysouw2006a,,,
chisz-thin-2-1,chisz-thin-2,kay,thin-3,false,expert,Cysouw2006a,,,
chisz-thin-3-1,chisz-thin-3,pahka-pahka,thin-3,false,expert,Cysouw2006a,,,
nhm-wind-1-1,nhm-wind-1,poh,wind-1,false,expert,Cysouw2006a,,,
shm-wind-1-1,shm-wind-1,poh,wind-1,false,expert,Cysouw2006a,,,
lm-wind-1-1,lm-wind-1,poh,wind-1,false,expert,Cysouw2006a,,,
sap-wind-1-1,sap-wind-1,šeʔm,wind-2,false,expert,Cysouw2006a,,,
olp-wind-1-1,olp-wind-1,haamu,wind-3,false,expert,Cysouw2006a,,,
txp-wind-1-1,txp-wind-1,saaw,wind-4,false,expert,Cysouw2006a,,,
soz-wind-1-1,soz-wind-1,saawa,wind-4,false,expert,Cysouw2006a,,,
chzmiguel-wind-1-1,chzmiguel-wind-1,šawa,wind-4,false,expert,Cysouw2006a,,,
chisz-wind-1-1,chisz-wind-1,sawa,wind-4,false,expert,Cysouw2006a,,,
nhm-worm-1-1,nhm-worm-1,naš-tsaaʔn,worm-1,false,expert,Cysouw2006a,,,
shm-worm-1-1,shm-worm-1,tənəʔək,worm-2,false,expert,Cysouw2006a,,,
lm-worm-1-1,lm-worm-1,təng,worm-2,false,expert,Cysouw2006a,,,
sap-worm-1-1,sap-worm-1,tsugut,worm-3,false,expert,Cysouw2006a,,,
olp-worm-1-1,olp-worm-1,kumu,worm-4,false,expert,Cysouw2006a,,,
txp-worm-1-1,txp-worm-1,tsuʔukeñ,worm-5,false,expert,Cysouw2006a,,,
soz-worm-1-1,soz-worm-1,tsuuʔkiñ,worm-5,false,expert,Cysouw2006a,,,
chzmaria-worm-1-1,chzmaria-worm-1,tsuʔkin,worm-5,false,expert,Cysouw2006a,,,
chzmiguel-worm-1-1,chzmiguel-worm-1,kumuʔ,worm-4,false,expert,Cysouw2006a,,,
txp-worm-2-1,txp-worm-2,toʔt,worm-1,false,expert,Cysouw2006a,,,
chisz-worm-1-1,chisz-worm-1,toʔt,worm-1,false,expert,Cysouw2006a,,,
nhm-year-1-1,nhm-year-1,hυυhnt,year-1,false,expert,Cysouw2006a,,,
shm-year-1-1,shm-year-1,həməht,year-1,false,expert,Cysouw2006a,,,
lm-year-1-1,lm-year-1,həməht,year-1,false,expert,Cysouw2006a,,,
sap-year-1-1,sap-year-1,šiwit,year-2,false,expert,Cysouw2006a,,,
olp-year-1-1,olp-year-1,šiviʔt,year-2,false,expert,Cysouw2006a,,,
txp-year-1-1,txp-year-1,ʔamče,year-3,false,expert,Cysouw2006a,,,
soz-year-1-1,soz-year-1,aamtyəy,year-3,false,expert,Cysouw2006a,,,
chzmaria-year-1-1,chzmaria-year-1,amintə,year-3,false,expert,Cysouw2006a,,,
chzmiguel-year-1-1,chzmiguel-year-1,ʔamintəʔ,year-3,false,expert,Cysouw2006a,,,
chisz-year-1-1,chisz-year-1,ame,year-3,false,expert,Cysouw2006a,,,
